cycle,updated,symbol,pnl_pct,high_water,exit_score,decision,order_status
20260918_070929,"Sep 18, 2026 07:09:29 AM PT",AAPL,0.624,0.624,0,LET RUN,NO ACTION
20260918_070929,"Sep 18, 2026 07:09:29 AM PT",OXY,-6.239,-6.239,5,WATCH CLOSELY,NO ACTION
20260918_070929,"Sep 18, 2026 07:09:29 AM PT",PLTR,1.743,1.743,3,WATCH CLOSELY,NO ACTION
20260918_070929,"Sep 18, 2026 07:09:29 AM PT",USB,-4.694,-4.694,7,RISK WARNING,NO ACTION
20260918_072312,"Sep 18, 2026 07:23:12 AM PT",AAPL,0.168,0.624,0,LET RUN,NO ACTION
20260918_072312,"Sep 18, 2026 07:23:12 AM PT",OXY,-5.953,-5.953,5,WATCH CLOSELY,NO ACTION
20260918_072312,"Sep 18, 2026 07:23:12 AM PT",PLTR,2.175,2.175,3,WATCH CLOSELY,NO ACTION
20260918_072312,"Sep 18, 2026 07:23:12 AM PT",USB,-4.471,-4.471,7,RISK WARNING,NO ACTION
20260918_073543,"Sep 18, 2026 07:35:43 AM PT",AAPL,0.004,0.624,0,LET RUN,NO ACTION
20260918_073543,"Sep 18, 2026 07:35:43 AM PT",OXY,-5.773,-5.773,5,WATCH CLOSELY,NO ACTION
20260918_073543,"Sep 18, 2026 07:35:43 AM PT",PLTR,2.466,2.466,3,WATCH CLOSELY,NO ACTION
20260918_073543,"Sep 18, 2026 07:35:43 AM PT",USB,-4.344,-4.344,7,RISK WARNING,NO ACTION
20260918_075006,"Sep 18, 2026 07:50:06 AM PT",AAPL,0.168,0.624,0,LET RUN,NO ACTION
20260918_075006,"Sep 18, 2026 07:50:06 AM PT",OXY,-5.618,-5.618,5,WATCH CLOSELY,NO ACTION
20260918_075006,"Sep 18, 2026 07:50:06 AM PT",PLTR,2.598,2.598,3,WATCH CLOSELY,NO ACTION
20260918_075006,"Sep 18, 2026 07:50:06 AM PT",USB,-4.447,-4.344,7,RISK WARNING,NO ACTION
20260918_080247,"Sep 18, 2026 08:02:47 AM PT",AAPL,0.3229999999999999,0.624,0,LET RUN,NO ACTION
20260918_080247,"Sep 18, 2026 08:02:47 AM PT",OXY,-5.905,-5.618,5,WATCH CLOSELY,NO ACTION
20260918_080247,"Sep 18, 2026 08:02:47 AM PT",PLTR,3.009,3.009,3,WATCH CLOSELY,NO ACTION
20260918_080247,"Sep 18, 2026 08:02:47 AM PT",USB,-4.423,-4.344,7,RISK WARNING,NO ACTION
20260918_082256,"Sep 18, 2026 08:22:56 AM PT",AAPL,0.764,0.764,0,LET RUN,NO ACTION
20260918_082256,"Sep 18, 2026 08:22:56 AM PT",OXY,-5.754,-5.618,5,WATCH CLOSELY,NO ACTION
20260918_082256,"Sep 18, 2026 08:22:56 AM PT",PLTR,3.164,3.164,3,WATCH CLOSELY,NO ACTION
20260918_082256,"Sep 18, 2026 08:22:56 AM PT",USB,-4.543,-4.344,7,RISK WARNING,NO ACTION
20260918_083534,"Sep 18, 2026 08:35:34 AM PT",AAPL,0.633,0.764,0,LET RUN,NO ACTION
20260918_083534,"Sep 18, 2026 08:35:34 AM PT",OXY,-5.698,-5.618,5,WATCH CLOSELY,NO ACTION
20260918_083534,"Sep 18, 2026 08:35:34 AM PT",PLTR,3.132,3.164,3,WATCH CLOSELY,NO ACTION
20260918_083534,"Sep 18, 2026 08:35:34 AM PT",USB,-4.566,-4.344,7,RISK WARNING,NO ACTION
20260918_084942,"Sep 18, 2026 08:49:42 AM PT",AAPL,0.528,0.764,0,LET RUN,NO ACTION
20260918_084942,"Sep 18, 2026 08:49:42 AM PT",OXY,-5.970000000000001,-5.618,5,WATCH CLOSELY,NO ACTION
20260918_084942,"Sep 18, 2026 08:49:42 AM PT",PLTR,3.138,3.164,3,WATCH CLOSELY,NO ACTION
20260918_084942,"Sep 18, 2026 08:49:42 AM PT",USB,-4.829,-4.344,7,RISK WARNING,NO ACTION
20260918_090309,"Sep 18, 2026 09:03:09 AM PT",AAPL,0.557,0.764,0,LET RUN,NO ACTION
20260918_090309,"Sep 18, 2026 09:03:09 AM PT",OXY,-5.968,-5.618,5,WATCH CLOSELY,NO ACTION
20260918_090309,"Sep 18, 2026 09:03:09 AM PT",PLTR,3.42,3.42,3,WATCH CLOSELY,NO ACTION
20260918_090309,"Sep 18, 2026 09:03:09 AM PT",USB,-4.901,-4.344,7,RISK WARNING,NO ACTION
20260918_092203,"Sep 18, 2026 09:22:03 AM PT",AAPL,0.5760000000000001,0.764,0,LET RUN,NO ACTION
20260918_092203,"Sep 18, 2026 09:22:03 AM PT",OXY,-6.08,-5.618,5,WATCH CLOSELY,NO ACTION
20260918_092203,"Sep 18, 2026 09:22:03 AM PT",PLTR,3.132,3.42,3,WATCH CLOSELY,NO ACTION
20260918_092203,"Sep 18, 2026 09:22:03 AM PT",USB,-4.853,-4.344,7,RISK WARNING,NO ACTION
20260918_093519,"Sep 18, 2026 09:35:19 AM PT",AAPL,0.5910000000000001,0.764,0,LET RUN,NO ACTION
20260918_093519,"Sep 18, 2026 09:35:19 AM PT",OXY,-6.08,-5.618,5,WATCH CLOSELY,NO ACTION
20260918_093519,"Sep 18, 2026 09:35:19 AM PT",PLTR,2.932,3.42,3,WATCH CLOSELY,NO ACTION
20260918_093519,"Sep 18, 2026 09:35:19 AM PT",USB,-4.845,-4.344,7,RISK WARNING,NO ACTION
20260918_094802,"Sep 18, 2026 09:48:02 AM PT",AAPL,0.5599999999999999,0.764,0,LET RUN,NO ACTION
20260918_094802,"Sep 18, 2026 09:48:02 AM PT",OXY,-6.343,-5.618,5,WATCH CLOSELY,NO ACTION
20260918_094802,"Sep 18, 2026 09:48:02 AM PT",PLTR,3.015,3.42,3,WATCH CLOSELY,NO ACTION
20260918_094802,"Sep 18, 2026 09:48:02 AM PT",USB,-4.861,-4.344,7,RISK WARNING,NO ACTION
20260918_100256,"Sep 18, 2026 10:02:56 AM PT",AAPL,0.5519999999999999,0.764,0,LET RUN,NO ACTION
20260918_100256,"Sep 18, 2026 10:02:56 AM PT",OXY,-6.279,-5.618,5,WATCH CLOSELY,NO ACTION
20260918_100256,"Sep 18, 2026 10:02:56 AM PT",PLTR,3.05,3.42,3,WATCH CLOSELY,NO ACTION
20260918_100256,"Sep 18, 2026 10:02:56 AM PT",USB,-4.694,-4.344,7,RISK WARNING,NO ACTION
20260918_102006,"Sep 18, 2026 10:20:06 AM PT",AAPL,0.611,0.764,0,LET RUN,NO ACTION
20260918_102006,"Sep 18, 2026 10:20:06 AM PT",OXY,-6.319,-5.618,5,WATCH CLOSELY,NO ACTION
20260918_102006,"Sep 18, 2026 10:20:06 AM PT",PLTR,2.991,3.42,3,WATCH CLOSELY,NO ACTION
20260918_102006,"Sep 18, 2026 10:20:06 AM PT",USB,-4.765,-4.344,7,RISK WARNING,NO ACTION
20260918_103232,"Sep 18, 2026 10:32:32 AM PT",AAPL,0.7000000000000001,0.764,0,LET RUN,NO ACTION
20260918_103232,"Sep 18, 2026 10:32:32 AM PT",OXY,-6.016,-5.618,5,WATCH CLOSELY,NO ACTION
20260918_103232,"Sep 18, 2026 10:32:32 AM PT",PLTR,2.974,3.42,3,WATCH CLOSELY,NO ACTION
20260918_103232,"Sep 18, 2026 10:32:32 AM PT",USB,-4.638,-4.344,7,RISK WARNING,NO ACTION
20260918_104759,"Sep 18, 2026 10:47:59 AM PT",AAPL,0.7889999999999999,0.7889999999999999,0,LET RUN,NO ACTION
20260918_104759,"Sep 18, 2026 10:47:59 AM PT",OXY,-6.295000000000001,-5.618,5,WATCH CLOSELY,NO ACTION
20260918_104759,"Sep 18, 2026 10:47:59 AM PT",PLTR,3.208,3.42,3,WATCH CLOSELY,NO ACTION
20260918_104759,"Sep 18, 2026 10:47:59 AM PT",USB,-4.757,-4.344,7,RISK WARNING,NO ACTION
20260918_110328,"Sep 18, 2026 11:03:28 AM PT",AAPL,0.8380000000000001,0.8380000000000001,0,LET RUN,NO ACTION
20260918_110328,"Sep 18, 2026 11:03:28 AM PT",OXY,-6.223,-5.618,5,WATCH CLOSELY,NO ACTION
20260918_110328,"Sep 18, 2026 11:03:28 AM PT",PLTR,3.385,3.42,3,WATCH CLOSELY,NO ACTION
20260918_110328,"Sep 18, 2026 11:03:28 AM PT",USB,-4.582,-4.344,7,RISK WARNING,NO ACTION
20260918_112439,"Sep 18, 2026 11:24:39 AM PT",AAPL,0.835,0.838,0,LET RUN,NO ACTION
20260918_112439,"Sep 18, 2026 11:24:39 AM PT",OXY,-6.088,-5.618,5,WATCH CLOSELY,NO ACTION
20260918_112439,"Sep 18, 2026 11:24:39 AM PT",PLTR,3.573,3.573,3,WATCH CLOSELY,NO ACTION
20260918_112439,"Sep 18, 2026 11:24:39 AM PT",USB,-4.367999999999999,-4.344,7,RISK WARNING,NO ACTION
20260918_113704,"Sep 18, 2026 11:37:04 AM PT",AAPL,0.836,0.838,0,LET RUN,NO ACTION
20260918_113704,"Sep 18, 2026 11:37:04 AM PT",OXY,-6.152,-5.618,5,WATCH CLOSELY,NO ACTION
20260918_113704,"Sep 18, 2026 11:37:04 AM PT",PLTR,3.863,3.863,2,HOLD,NO ACTION
20260918_113704,"Sep 18, 2026 11:37:04 AM PT",USB,-4.36,-4.344,7,RISK WARNING,NO ACTION
20260918_114907,"Sep 18, 2026 11:49:07 AM PT",AAPL,1.009,1.009,0,LET RUN,NO ACTION
20260918_114907,"Sep 18, 2026 11:49:07 AM PT",OXY,-6.167,-5.618,5,WATCH CLOSELY,NO ACTION
20260918_114907,"Sep 18, 2026 11:49:07 AM PT",PLTR,3.961,3.961,2,HOLD,NO ACTION
20260918_114907,"Sep 18, 2026 11:49:07 AM PT",USB,-4.304,-4.304,7,RISK WARNING,NO ACTION
20260918_120334,"Sep 18, 2026 12:03:34 PM PT",AAPL,0.86,1.009,0,LET RUN,NO ACTION
20260918_120334,"Sep 18, 2026 12:03:34 PM PT",OXY,-6.223,-5.618,5,WATCH CLOSELY,NO ACTION
20260918_120334,"Sep 18, 2026 12:03:34 PM PT",PLTR,4.018999999999999,4.018999999999999,2,HOLD,NO ACTION
20260918_120334,"Sep 18, 2026 12:03:34 PM PT",USB,-4.336,-4.304,7,RISK WARNING,NO ACTION
20260918_122115,"Sep 18, 2026 12:21:15 PM PT",AAPL,1.039,1.039,0,LET RUN,NO ACTION
20260918_122115,"Sep 18, 2026 12:21:15 PM PT",OXY,-6.144,-5.618,5,WATCH CLOSELY,NO ACTION
20260918_122115,"Sep 18, 2026 12:21:15 PM PT",PLTR,3.69,4.019,3,WATCH CLOSELY,NO ACTION
20260918_122115,"Sep 18, 2026 12:21:15 PM PT",USB,-4.479,-4.304,7,RISK WARNING,NO ACTION
20260918_123248,"Sep 18, 2026 12:32:48 PM PT",AAPL,1.054,1.054,0,LET RUN,NO ACTION
20260918_123248,"Sep 18, 2026 12:32:48 PM PT",OXY,-6.183000000000001,-5.618,5,WATCH CLOSELY,NO ACTION
20260918_123248,"Sep 18, 2026 12:32:48 PM PT",PLTR,3.69,4.019,2,HOLD,NO ACTION
20260918_123248,"Sep 18, 2026 12:32:48 PM PT",USB,-4.304,-4.304,7,RISK WARNING,NO ACTION
20260918_124709,"Sep 18, 2026 12:47:09 PM PT",AAPL,0.971,1.054,0,LET RUN,NO ACTION
20260918_124709,"Sep 18, 2026 12:47:09 PM PT",OXY,-6.144,-5.618,5,WATCH CLOSELY,NO ACTION
20260918_124709,"Sep 18, 2026 12:47:09 PM PT",PLTR,3.981,4.019,2,HOLD,NO ACTION
20260918_124709,"Sep 18, 2026 12:47:09 PM PT",USB,-4.1930000000000005,-4.1930000000000005,7,RISK WARNING,NO ACTION
20260918_130308,"Sep 18, 2026 01:03:08 PM PT",AAPL,0.721,1.054,0,LET RUN,NO ACTION
20260918_130308,"Sep 18, 2026 01:03:08 PM PT",OXY,-6.35,-5.618,5,WATCH CLOSELY,NO ACTION
20260918_130308,"Sep 18, 2026 01:03:08 PM PT",PLTR,4.506,4.506,2,HOLD,NO ACTION
20260918_130308,"Sep 18, 2026 01:03:08 PM PT",USB,-4.439,-4.193,7,RISK WARNING,NO ACTION
20260918_132219,"Sep 18, 2026 01:22:19 PM PT",AAPL,0.826,1.054,0,LET RUN,NO ACTION
20260918_132219,"Sep 18, 2026 01:22:19 PM PT",OXY,-6.144,-5.618,5,WATCH CLOSELY,NO ACTION
20260918_132219,"Sep 18, 2026 01:22:19 PM PT",PLTR,4.3950000000000005,4.506,2,HOLD,NO ACTION
20260918_132219,"Sep 18, 2026 01:22:19 PM PT",USB,-4.439,-4.193,7,RISK WARNING,NO ACTION
20260918_133501,"Sep 18, 2026 01:35:01 PM PT",AAPL,0.8049999999999999,1.054,0,LET RUN,NO ACTION
20260918_133501,"Sep 18, 2026 01:35:01 PM PT",OXY,-6.35,-5.618,5,WATCH CLOSELY,NO ACTION
20260918_133501,"Sep 18, 2026 01:35:01 PM PT",PLTR,4.424,4.506,2,HOLD,NO ACTION
20260918_133501,"Sep 18, 2026 01:35:01 PM PT",USB,-4.407,-4.193,7,RISK WARNING,NO ACTION
20260918_134808,"Sep 18, 2026 01:48:08 PM PT",AAPL,0.803,1.054,0,LET RUN,NO ACTION
20260918_134808,"Sep 18, 2026 01:48:08 PM PT",OXY,-6.35,-5.618,5,WATCH CLOSELY,NO ACTION
20260918_134808,"Sep 18, 2026 01:48:08 PM PT",PLTR,4.495,4.506,2,HOLD,NO ACTION
20260918_134808,"Sep 18, 2026 01:48:08 PM PT",USB,-4.439,-4.193,7,RISK WARNING,NO ACTION
20260918_140313,"Sep 18, 2026 02:03:13 PM PT",AAPL,0.736,1.054,0,LET RUN,NO ACTION
20260918_140313,"Sep 18, 2026 02:03:13 PM PT",OXY,-6.35,-5.618,5,WATCH CLOSELY,NO ACTION
20260918_140313,"Sep 18, 2026 02:03:13 PM PT",PLTR,4.272,4.506,2,HOLD,NO ACTION
20260918_140313,"Sep 18, 2026 02:03:13 PM PT",USB,-4.439,-4.193,7,RISK WARNING,NO ACTION
20260918_142150,"Sep 18, 2026 02:21:50 PM PT",AAPL,0.718,1.054,0,LET RUN,NO ACTION
20260918_142150,"Sep 18, 2026 02:21:50 PM PT",OXY,-6.35,-5.618,5,WATCH CLOSELY,NO ACTION
20260918_142150,"Sep 18, 2026 02:21:50 PM PT",PLTR,4.2410000000000005,4.506,2,HOLD,NO ACTION
20260918_142150,"Sep 18, 2026 02:21:50 PM PT",USB,-4.439,-4.193,7,RISK WARNING,NO ACTION
20260918_143421,"Sep 18, 2026 02:34:21 PM PT",AAPL,0.645,1.054,0,LET RUN,NO ACTION
20260918_143421,"Sep 18, 2026 02:34:21 PM PT",OXY,-6.35,-5.618,5,WATCH CLOSELY,NO ACTION
20260918_143421,"Sep 18, 2026 02:34:21 PM PT",PLTR,4.436,4.506,2,HOLD,NO ACTION
20260918_143421,"Sep 18, 2026 02:34:21 PM PT",USB,-4.439,-4.193,7,RISK WARNING,NO ACTION
20260918_144659,"Sep 18, 2026 02:46:59 PM PT",AAPL,0.633,1.054,0,LET RUN,NO ACTION
20260918_144659,"Sep 18, 2026 02:46:59 PM PT",OXY,-6.35,-5.618,5,WATCH CLOSELY,NO ACTION
20260918_144659,"Sep 18, 2026 02:46:59 PM PT",PLTR,4.272,4.506,2,HOLD,NO ACTION
20260918_144659,"Sep 18, 2026 02:46:59 PM PT",USB,-4.439,-4.193,7,RISK WARNING,NO ACTION
20260918_145346,"Sep 18, 2026 02:53:46 PM PT",AAPL,0.619,1.054,0,LET RUN,NO ACTION
20260918_145346,"Sep 18, 2026 02:53:46 PM PT",OXY,-6.122,-5.618,5,WATCH CLOSELY,NO ACTION
20260918_145346,"Sep 18, 2026 02:53:46 PM PT",PLTR,4.218999999999999,4.506,2,HOLD,NO ACTION
20260918_145346,"Sep 18, 2026 02:53:46 PM PT",USB,-4.439,-4.193,7,RISK WARNING,NO ACTION
20260918_151127,"Sep 18, 2026 03:11:27 PM PT",AAPL,0.657,1.054,0,LET RUN,NO ACTION
20260918_151127,"Sep 18, 2026 03:11:27 PM PT",OXY,-6.152,-5.618,5,WATCH CLOSELY,NO ACTION
20260918_151127,"Sep 18, 2026 03:11:27 PM PT",PLTR,4.16,4.506,2,HOLD,NO ACTION
20260918_151127,"Sep 18, 2026 03:11:27 PM PT",USB,-4.439,-4.193,7,RISK WARNING,NO ACTION
20260919_175729,"Sep 19, 2026 05:57:29 PM PT",AAPL,0.997,1.054,0,LET RUN,NO ACTION
20260919_175729,"Sep 19, 2026 05:57:29 PM PT",OXY,-6.35,-5.618,5,WATCH CLOSELY,NO ACTION
20260919_175729,"Sep 19, 2026 05:57:29 PM PT",PLTR,4.33,4.506,2,HOLD,NO ACTION
20260919_175729,"Sep 19, 2026 05:57:29 PM PT",USB,-4.439,-4.193,7,RISK WARNING,NO ACTION
20260919_200222,"Sep 19, 2026 08:02:22 PM PT",AAPL,0.997,1.054,0,LET RUN,NO ACTION
20260919_200222,"Sep 19, 2026 08:02:22 PM PT",OXY,-6.35,-5.618,5,WATCH CLOSELY,NO ACTION
20260919_200222,"Sep 19, 2026 08:02:22 PM PT",PLTR,4.33,4.506,2,HOLD,NO ACTION
20260919_200222,"Sep 19, 2026 08:02:22 PM PT",USB,-4.439,-4.193,7,RISK WARNING,NO ACTION
20260919_200509,"Sep 19, 2026 08:05:09 PM PT",AAPL,0.997,1.054,0,LET RUN,NO ACTION
20260919_200509,"Sep 19, 2026 08:05:09 PM PT",OXY,-6.35,-5.618,5,WATCH CLOSELY,NO ACTION
20260919_200509,"Sep 19, 2026 08:05:09 PM PT",PLTR,4.33,4.506,2,HOLD,NO ACTION
20260919_200509,"Sep 19, 2026 08:05:09 PM PT",USB,-4.439,-4.193,7,RISK WARNING,NO ACTION
20260919_200657,"Sep 19, 2026 08:06:57 PM PT",AAPL,0.997,1.054,0,LET RUN,NO ACTION
20260919_200657,"Sep 19, 2026 08:06:57 PM PT",OXY,-6.35,-5.618,5,WATCH CLOSELY,NO ACTION
20260919_200657,"Sep 19, 2026 08:06:57 PM PT",PLTR,4.33,4.506,2,HOLD,NO ACTION
20260919_200657,"Sep 19, 2026 08:06:57 PM PT",USB,-4.439,-4.193,7,RISK WARNING,NO ACTION
20260919_201403,"Sep 19, 2026 08:14:03 PM PT",AAPL,0.997,1.054,0,LET RUN,NO ACTION
20260919_201403,"Sep 19, 2026 08:14:03 PM PT",OXY,-6.35,-5.618,5,WATCH CLOSELY,NO ACTION
20260919_201403,"Sep 19, 2026 08:14:03 PM PT",PLTR,4.33,4.506,2,HOLD,NO ACTION
20260919_201403,"Sep 19, 2026 08:14:03 PM PT",USB,-4.439,-4.193,7,RISK WARNING,NO ACTION
20260921_061558,"Sep 21, 2026 06:15:58 AM PT",AAPL,0.903,1.054,0,LET RUN,NO ACTION
20260921_061558,"Sep 21, 2026 06:15:58 AM PT",OXY,-7.750999999999999,-5.618,15,EXIT CONFIRMED,WAITING — MARKET CLOSED
20260921_061558,"Sep 21, 2026 06:15:58 AM PT",PLTR,5.053,5.053,2,HOLD,NO ACTION
20260921_061558,"Sep 21, 2026 06:15:58 AM PT",USB,-3.678,-3.678,7,RISK WARNING,NO ACTION
20260921_064346,"Sep 21, 2026 06:43:46 AM PT",AAPL,0.3419999999999999,1.054,0,LET RUN,NO ACTION
20260921_064346,"Sep 21, 2026 06:43:46 AM PT",OXY,-8.738,-5.618,16,EXIT CONFIRMED,SUBMITTED 4f2d6155-6406-4ce4-9f2d-498dadc245dc
20260921_064346,"Sep 21, 2026 06:43:46 AM PT",PLTR,4.474,5.053,2,HOLD,NO ACTION
20260921_064346,"Sep 21, 2026 06:43:46 AM PT",USB,-4.057,-3.678,9,RISK WARNING,NO ACTION
20260921_065843,"Sep 21, 2026 06:58:43 AM PT",AAPL,0.851,1.054,0,LET RUN,NO ACTION
20260921_065843,"Sep 21, 2026 06:58:43 AM PT",PLTR,6.415,6.415,2,HOLD,NO ACTION
20260921_065843,"Sep 21, 2026 06:58:43 AM PT",USB,-4.216,-3.678,9,RISK WARNING,NO ACTION
20260921_072033,"Sep 21, 2026 07:20:33 AM PT",AAPL,1.341,1.341,0,LET RUN,NO ACTION
20260921_072033,"Sep 21, 2026 07:20:33 AM PT",PLTR,6.709,6.709,2,HOLD,NO ACTION
20260921_072033,"Sep 21, 2026 07:20:33 AM PT",USB,-4.033,-3.678,9,RISK WARNING,NO ACTION
20260921_072033,"Sep 21, 2026 07:20:33 AM PT",WBD,2.248,2.248,0,LET RUN,NO ACTION
20260921_074415,"Sep 21, 2026 07:44:15 AM PT",AAPL,1.23,1.341,0,LET RUN,NO ACTION
20260921_074415,"Sep 21, 2026 07:44:15 AM PT",PLTR,6.9,6.9,2,HOLD,NO ACTION
20260921_074415,"Sep 21, 2026 07:44:15 AM PT",USB,-4.089,-3.678,9,RISK WARNING,NO ACTION
20260921_074415,"Sep 21, 2026 07:44:15 AM PT",WBD,3.103,3.103,0,LET RUN,NO ACTION
20260921_075824,"Sep 21, 2026 07:58:24 AM PT",AAPL,1.307,1.341,0,LET RUN,NO ACTION
20260921_075824,"Sep 21, 2026 07:58:24 AM PT",PLTR,7.045,7.045,2,HOLD,NO ACTION
20260921_075824,"Sep 21, 2026 07:58:24 AM PT",USB,-3.954,-3.678,9,RISK WARNING,NO ACTION
20260921_075824,"Sep 21, 2026 07:58:24 AM PT",WBD,2.801,3.103,0,LET RUN,NO ACTION
20260921_081823,"Sep 21, 2026 08:18:23 AM PT",AAPL,1.456,1.456,0,LET RUN,NO ACTION
20260921_081823,"Sep 21, 2026 08:18:23 AM PT",PLTR,6.768000000000001,7.045,2,HOLD,NO ACTION
20260921_081823,"Sep 21, 2026 08:18:23 AM PT",USB,-3.906,-3.678,9,RISK WARNING,NO ACTION
20260921_081823,"Sep 21, 2026 08:18:23 AM PT",WBD,2.365,3.103,0,LET RUN,NO ACTION
20260921_084222,"Sep 21, 2026 08:42:22 AM PT",AAPL,1.411,1.456,0,LET RUN,NO ACTION
20260921_084222,"Sep 21, 2026 08:42:22 AM PT",PLTR,6.926,7.045,2,HOLD,NO ACTION
20260921_084222,"Sep 21, 2026 08:42:22 AM PT",USB,-3.955,-3.678,9,RISK WARNING,NO ACTION
20260921_084222,"Sep 21, 2026 08:42:22 AM PT",WBD,2.365,3.103,0,LET RUN,NO ACTION
20260921_085638,"Sep 21, 2026 08:56:38 AM PT",AAPL,1.6070000000000002,1.6070000000000002,0,LET RUN,NO ACTION
20260921_085638,"Sep 21, 2026 08:56:38 AM PT",PLTR,7.008,7.045,2,HOLD,NO ACTION
20260921_085638,"Sep 21, 2026 08:56:38 AM PT",USB,-4.01,-3.678,9,RISK WARNING,NO ACTION
20260921_085638,"Sep 21, 2026 08:56:38 AM PT",WBD,2.466,3.103,0,LET RUN,NO ACTION
20260921_091917,"Sep 21, 2026 09:19:17 AM PT",AAPL,1.799,1.799,0,LET RUN,NO ACTION
20260921_091917,"Sep 21, 2026 09:19:17 AM PT",PLTR,7.467,7.467,2,HOLD,NO ACTION
20260921_091917,"Sep 21, 2026 09:19:17 AM PT",USB,-3.827,-3.678,9,RISK WARNING,NO ACTION
20260921_091917,"Sep 21, 2026 09:19:17 AM PT",WBD,2.533,3.103,0,LET RUN,NO ACTION
20260921_094352,"Sep 21, 2026 09:43:52 AM PT",AAPL,1.852,1.852,0,LET RUN,NO ACTION
20260921_094352,"Sep 21, 2026 09:43:52 AM PT",PLTR,7.185,7.467,2,HOLD,NO ACTION
20260921_094352,"Sep 21, 2026 09:43:52 AM PT",USB,-3.739,-3.678,9,RISK WARNING,NO ACTION
20260921_094352,"Sep 21, 2026 09:43:52 AM PT",WBD,2.6,3.103,0,LET RUN,NO ACTION
20260921_095835,"Sep 21, 2026 09:58:35 AM PT",AAPL,1.772,1.852,0,LET RUN,NO ACTION
20260921_095835,"Sep 21, 2026 09:58:35 AM PT",PLTR,6.550000000000001,7.467,2,HOLD,NO ACTION
20260921_095835,"Sep 21, 2026 09:58:35 AM PT",USB,-3.779,-3.678,9,RISK WARNING,NO ACTION
20260921_095835,"Sep 21, 2026 09:58:35 AM PT",WBD,2.902,3.103,0,LET RUN,NO ACTION
20260921_101715,"Sep 21, 2026 10:17:15 AM PT",AAPL,1.841,1.852,0,LET RUN,NO ACTION
20260921_101715,"Sep 21, 2026 10:17:15 AM PT",PLTR,6.627,7.467,2,HOLD,NO ACTION
20260921_101715,"Sep 21, 2026 10:17:15 AM PT",USB,-3.532,-3.532,8,RISK WARNING,NO ACTION
20260921_101715,"Sep 21, 2026 10:17:15 AM PT",WBD,3.539,3.539,0,LET RUN,NO ACTION
20260921_104218,"Sep 21, 2026 10:42:18 AM PT",AAPL,1.64,1.852,0,LET RUN,NO ACTION
20260921_104218,"Sep 21, 2026 10:42:18 AM PT",INTC,0.196,0.196,0,LET RUN,NO ACTION
20260921_104218,"Sep 21, 2026 10:42:18 AM PT",PLTR,6.715,7.467,2,HOLD,NO ACTION
20260921_104218,"Sep 21, 2026 10:42:18 AM PT",WBD,3.556,3.556,0,LET RUN,NO ACTION
20260921_105518,"Sep 21, 2026 10:55:18 AM PT",AAPL,1.6760000000000002,1.852,0,LET RUN,NO ACTION
20260921_105518,"Sep 21, 2026 10:55:18 AM PT",INTC,-0.078,0.196,0,HOLD,NO ACTION
20260921_105518,"Sep 21, 2026 10:55:18 AM PT",PLTR,6.755999999999999,7.467,2,HOLD,NO ACTION
20260921_105518,"Sep 21, 2026 10:55:18 AM PT",WBD,3.573,3.573,0,LET RUN,NO ACTION
20260921_111853,"Sep 21, 2026 11:18:53 AM PT",AAPL,1.6760000000000002,1.852,0,LET RUN,NO ACTION
20260921_111853,"Sep 21, 2026 11:18:53 AM PT",INTC,-0.123,0.196,0,HOLD,NO ACTION
20260921_111853,"Sep 21, 2026 11:18:53 AM PT",PLTR,6.68,7.467,2,HOLD,NO ACTION
20260921_111853,"Sep 21, 2026 11:18:53 AM PT",WBD,3.304,3.573,0,LET RUN,NO ACTION
20260921_114704,"Sep 21, 2026 11:47:04 AM PT",AAPL,1.805,1.852,0,LET RUN,NO ACTION
20260921_114704,"Sep 21, 2026 11:47:04 AM PT",INTC,-0.292,0.196,0,HOLD,NO ACTION
20260921_114704,"Sep 21, 2026 11:47:04 AM PT",PLTR,6.738,7.467,2,HOLD,NO ACTION
20260921_114704,"Sep 21, 2026 11:47:04 AM PT",WBD,3.3360000000000003,3.573,0,LET RUN,NO ACTION
20260921_121503,"Sep 21, 2026 12:15:03 PM PT",AAPL,1.835,1.852,0,LET RUN,NO ACTION
20260921_121503,"Sep 21, 2026 12:15:03 PM PT",INTC,-0.201,0.196,0,HOLD,NO ACTION
20260921_121503,"Sep 21, 2026 12:15:03 PM PT",PLTR,6.621,7.467,2,HOLD,NO ACTION
20260921_121503,"Sep 21, 2026 12:15:03 PM PT",WBD,3.388,3.573,0,LET RUN,NO ACTION
20260921_123305,"Sep 21, 2026 12:33:05 PM PT",AAPL,1.928,1.928,0,LET RUN,NO ACTION
20260921_123305,"Sep 21, 2026 12:33:05 PM PT",INTC,-0.061,0.196,0,HOLD,NO ACTION
20260921_123305,"Sep 21, 2026 12:33:05 PM PT",PLTR,6.709,7.467,2,HOLD,NO ACTION
20260921_123305,"Sep 21, 2026 12:33:05 PM PT",WBD,3.3550000000000004,3.573,0,LET RUN,NO ACTION
20260921_125350,"Sep 21, 2026 12:53:50 PM PT",AAPL,1.99,1.99,0,LET RUN,NO ACTION
20260921_125350,"Sep 21, 2026 12:53:50 PM PT",INTC,0.296,0.296,0,LET RUN,NO ACTION
20260921_125350,"Sep 21, 2026 12:53:50 PM PT",PLTR,7.208,7.467,2,HOLD,NO ACTION
20260921_125350,"Sep 21, 2026 12:53:50 PM PT",WBD,3.2710000000000004,3.573,0,LET RUN,NO ACTION
20260921_131625,"Sep 21, 2026 01:16:25 PM PT",AAPL,1.76,1.99,0,LET RUN,NO ACTION
20260921_131625,"Sep 21, 2026 01:16:25 PM PT",INTC,0.218,0.296,0,LET RUN,NO ACTION
20260921_131625,"Sep 21, 2026 01:16:25 PM PT",PLTR,7.378,7.467,2,HOLD,NO ACTION
20260921_131625,"Sep 21, 2026 01:16:25 PM PT",WBD,3.2870000000000004,3.573,0,LET RUN,NO ACTION
20260921_134136,"Sep 21, 2026 01:41:36 PM PT",AAPL,1.754,1.99,0,LET RUN,NO ACTION
20260921_134136,"Sep 21, 2026 01:41:36 PM PT",INTC,0.004,0.296,0,LET RUN,NO ACTION
20260921_134136,"Sep 21, 2026 01:41:36 PM PT",PLTR,7.302,7.467,2,HOLD,NO ACTION
20260921_134136,"Sep 21, 2026 01:41:36 PM PT",WBD,3.326,3.573,0,LET RUN,NO ACTION
20260921_135428,"Sep 21, 2026 01:54:28 PM PT",AAPL,1.744,1.99,0,LET RUN,NO ACTION
20260921_135428,"Sep 21, 2026 01:54:28 PM PT",INTC,0.103,0.296,0,LET RUN,NO ACTION
20260921_135428,"Sep 21, 2026 01:54:28 PM PT",PLTR,7.273000000000001,7.467,2,HOLD,NO ACTION
20260921_135428,"Sep 21, 2026 01:54:28 PM PT",WBD,3.388,3.573,0,LET RUN,NO ACTION
20260921_141602,"Sep 21, 2026 02:16:02 PM PT",AAPL,1.764,1.99,0,LET RUN,NO ACTION
20260921_141602,"Sep 21, 2026 02:16:02 PM PT",INTC,0.152,0.296,0,LET RUN,NO ACTION
20260921_141602,"Sep 21, 2026 02:16:02 PM PT",PLTR,7.343,7.467,2,HOLD,NO ACTION
20260921_141602,"Sep 21, 2026 02:16:02 PM PT",WBD,3.321,3.573,0,LET RUN,NO ACTION
20260921_144119,"Sep 21, 2026 02:41:19 PM PT",AAPL,1.775,1.99,0,LET RUN,NO ACTION
20260921_144119,"Sep 21, 2026 02:41:19 PM PT",INTC,0.366,0.366,0,LET RUN,NO ACTION
20260921_144119,"Sep 21, 2026 02:41:19 PM PT",PLTR,7.417,7.467,2,HOLD,NO ACTION
20260921_144119,"Sep 21, 2026 02:41:19 PM PT",WBD,3.322,3.573,0,LET RUN,NO ACTION
20260921_145527,"Sep 21, 2026 02:55:27 PM PT",AAPL,1.775,1.99,0,LET RUN,NO ACTION
20260921_145527,"Sep 21, 2026 02:55:27 PM PT",INTC,0.489,0.489,0,LET RUN,NO ACTION
20260921_145527,"Sep 21, 2026 02:55:27 PM PT",PLTR,7.378,7.467,2,HOLD,NO ACTION
20260921_145527,"Sep 21, 2026 02:55:27 PM PT",WBD,3.286,3.573,0,LET RUN,NO ACTION
20260922_061731,"Sep 22, 2026 06:17:31 AM PT",AAPL,2.181,2.181,0,LET RUN,NO ACTION
20260922_061731,"Sep 22, 2026 06:17:31 AM PT",INTC,-1.6150000000000002,0.489,0,HOLD,NO ACTION
20260922_061731,"Sep 22, 2026 06:17:31 AM PT",PLTR,8.3,8.3,2,HOLD,NO ACTION
20260922_061731,"Sep 22, 2026 06:17:31 AM PT",WBD,3.422,3.573,0,LET RUN,NO ACTION
20260922_064447,"Sep 22, 2026 06:44:47 AM PT",AAPL,2.649,2.649,0,LET RUN,NO ACTION
20260922_064447,"Sep 22, 2026 06:44:47 AM PT",INTC,0.25,0.489,0,LET RUN,NO ACTION
20260922_064447,"Sep 22, 2026 06:44:47 AM PT",PLTR,8.136000000000001,8.3,2,HOLD,NO ACTION
20260922_064447,"Sep 22, 2026 06:44:47 AM PT",WBD,3.321,3.573,0,LET RUN,NO ACTION
20260922_065845,"Sep 22, 2026 06:58:45 AM PT",AAPL,2.363,2.649,0,LET RUN,NO ACTION
20260922_065845,"Sep 22, 2026 06:58:45 AM PT",INTC,-0.407,0.489,0,HOLD,NO ACTION
20260922_065845,"Sep 22, 2026 06:58:45 AM PT",PLTR,7.975,8.3,2,HOLD,NO ACTION
20260922_065845,"Sep 22, 2026 06:58:45 AM PT",WBD,3.329,3.573,0,LET RUN,NO ACTION
20260922_072055,"Sep 22, 2026 07:20:55 AM PT",AAPL,2.055,2.649,0,LET RUN,NO ACTION
20260922_072055,"Sep 22, 2026 07:20:55 AM PT",INTC,0.547,0.547,0,LET RUN,NO ACTION
20260922_072055,"Sep 22, 2026 07:20:55 AM PT",PLTR,7.960000000000001,8.3,2,HOLD,NO ACTION
20260922_072055,"Sep 22, 2026 07:20:55 AM PT",WBD,3.338,3.573,0,LET RUN,NO ACTION
20260922_074539,"Sep 22, 2026 07:45:39 AM PT",AAPL,2.306,2.649,0,LET RUN,NO ACTION
20260922_074539,"Sep 22, 2026 07:45:39 AM PT",INTC,0.194,0.547,0,LET RUN,NO ACTION
20260922_074539,"Sep 22, 2026 07:45:39 AM PT",PLTR,7.034999999999999,8.3,2,HOLD,NO ACTION
20260922_074539,"Sep 22, 2026 07:45:39 AM PT",WBD,3.338,3.573,0,LET RUN,NO ACTION
20260922_081633,"Sep 22, 2026 08:16:33 AM PT",AAPL,3.293,3.293,0,LET RUN,NO ACTION
20260922_081633,"Sep 22, 2026 08:16:33 AM PT",INTC,-0.168,0.547,0,HOLD,NO ACTION
20260922_081633,"Sep 22, 2026 08:16:33 AM PT",PLTR,8.168000000000001,8.3,2,HOLD,NO ACTION
20260922_081633,"Sep 22, 2026 08:16:33 AM PT",WBD,3.321,3.573,0,LET RUN,NO ACTION
20260922_084244,"Sep 22, 2026 08:42:44 AM PT",AAPL,3.037,3.293,0,LET RUN,NO ACTION
20260922_084244,"Sep 22, 2026 08:42:44 AM PT",INTC,0.3,0.547,0,LET RUN,NO ACTION
20260922_084244,"Sep 22, 2026 08:42:44 AM PT",PLTR,8.104,8.3,2,HOLD,NO ACTION
20260922_084244,"Sep 22, 2026 08:42:44 AM PT",WBD,3.304,3.573,0,LET RUN,NO ACTION
20260922_085633,"Sep 22, 2026 08:56:33 AM PT",AAPL,2.806,3.293,0,LET RUN,NO ACTION
20260922_085633,"Sep 22, 2026 08:56:33 AM PT",INTC,0.637,0.637,0,LET RUN,NO ACTION
20260922_085633,"Sep 22, 2026 08:56:33 AM PT",PLTR,8.03,8.3,2,HOLD,NO ACTION
20260922_085633,"Sep 22, 2026 08:56:33 AM PT",WBD,3.321,3.573,0,LET RUN,NO ACTION
20260922_091840,"Sep 22, 2026 09:18:40 AM PT",AAPL,2.89,3.293,0,LET RUN,NO ACTION
20260922_091840,"Sep 22, 2026 09:18:40 AM PT",INTC,0.087,0.637,0,LET RUN,NO ACTION
20260922_091840,"Sep 22, 2026 09:18:40 AM PT",PLTR,7.716000000000001,8.3,2,HOLD,NO ACTION
20260922_091840,"Sep 22, 2026 09:18:40 AM PT",WBD,3.321,3.573,0,LET RUN,NO ACTION
20260922_094359,"Sep 22, 2026 09:43:59 AM PT",AAPL,2.911,3.293,0,LET RUN,NO ACTION
20260922_094359,"Sep 22, 2026 09:43:59 AM PT",INTC,-0.189,0.637,0,HOLD,NO ACTION
20260922_094359,"Sep 22, 2026 09:43:59 AM PT",PLTR,7.763000000000001,8.3,2,HOLD,NO ACTION
20260922_094359,"Sep 22, 2026 09:43:59 AM PT",WBD,3.304,3.573,0,LET RUN,NO ACTION
20260922_095731,"Sep 22, 2026 09:57:31 AM PT",AAPL,2.858,3.293,0,LET RUN,NO ACTION
20260922_095731,"Sep 22, 2026 09:57:31 AM PT",INTC,-0.267,0.637,0,HOLD,NO ACTION
20260922_095731,"Sep 22, 2026 09:57:31 AM PT",PLTR,8.054,8.3,2,HOLD,NO ACTION
20260922_095731,"Sep 22, 2026 09:57:31 AM PT",WBD,3.338,3.573,0,LET RUN,NO ACTION
20260922_101733,"Sep 22, 2026 10:17:33 AM PT",AAPL,2.63,3.293,0,LET RUN,NO ACTION
20260922_101733,"Sep 22, 2026 10:17:33 AM PT",INTC,0.111,0.637,0,LET RUN,NO ACTION
20260922_101733,"Sep 22, 2026 10:17:33 AM PT",PLTR,8.359,8.359,2,HOLD,NO ACTION
20260922_101733,"Sep 22, 2026 10:17:33 AM PT",WBD,3.338,3.573,0,LET RUN,NO ACTION
20260922_104136,"Sep 22, 2026 10:41:36 AM PT",AAPL,2.593,3.293,0,LET RUN,NO ACTION
20260922_104136,"Sep 22, 2026 10:41:36 AM PT",INTC,0.058,0.637,0,LET RUN,NO ACTION
20260922_104136,"Sep 22, 2026 10:41:36 AM PT",PLTR,8.309,8.359,2,HOLD,NO ACTION
20260922_104136,"Sep 22, 2026 10:41:36 AM PT",WBD,3.338,3.573,0,LET RUN,NO ACTION
20260922_105518,"Sep 22, 2026 10:55:18 AM PT",AAPL,2.348,3.293,0,LET RUN,NO ACTION
20260922_105518,"Sep 22, 2026 10:55:18 AM PT",INTC,0.415,0.637,0,LET RUN,NO ACTION
20260922_105518,"Sep 22, 2026 10:55:18 AM PT",PLTR,8.477,8.477,2,HOLD,NO ACTION
20260922_105518,"Sep 22, 2026 10:55:18 AM PT",WBD,3.321,3.573,0,LET RUN,NO ACTION
20260922_112101,"Sep 22, 2026 11:21:01 AM PT",AAPL,2.502,3.293,0,LET RUN,NO ACTION
20260922_112101,"Sep 22, 2026 11:21:01 AM PT",INTC,1.229,1.229,0,LET RUN,NO ACTION
20260922_112101,"Sep 22, 2026 11:21:01 AM PT",PLTR,8.001,8.477,2,HOLD,NO ACTION
20260922_112101,"Sep 22, 2026 11:21:01 AM PT",WBD,3.338,3.573,0,LET RUN,NO ACTION
20260922_114537,"Sep 22, 2026 11:45:37 AM PT",AAPL,2.526,3.293,0,LET RUN,NO ACTION
20260922_114537,"Sep 22, 2026 11:45:37 AM PT",INTC,0.913,1.229,0,LET RUN,NO ACTION
20260922_114537,"Sep 22, 2026 11:45:37 AM PT",PLTR,8.312,8.477,2,HOLD,NO ACTION
20260922_114537,"Sep 22, 2026 11:45:37 AM PT",WBD,3.371,3.573,0,LET RUN,NO ACTION
20260922_121416,"Sep 22, 2026 12:14:16 PM PT",AAPL,2.247,3.293,0,LET RUN,NO ACTION
20260922_121416,"Sep 22, 2026 12:14:16 PM PT",INTC,0.983,1.229,0,LET RUN,NO ACTION
20260922_121416,"Sep 22, 2026 12:14:16 PM PT",PLTR,8.359,8.477,2,HOLD,NO ACTION
20260922_121416,"Sep 22, 2026 12:14:16 PM PT",WBD,3.338,3.573,0,LET RUN,NO ACTION
20260922_123016,"Sep 22, 2026 12:30:16 PM PT",AAPL,2.184,3.293,0,LET RUN,NO ACTION
20260922_123016,"Sep 22, 2026 12:30:16 PM PT",INTC,0.991,1.229,0,LET RUN,NO ACTION
20260922_123016,"Sep 22, 2026 12:30:16 PM PT",PLTR,8.389000000000001,8.477,2,HOLD,NO ACTION
20260922_123016,"Sep 22, 2026 12:30:16 PM PT",WBD,3.371,3.573,0,LET RUN,NO ACTION
20260922_124550,"Sep 22, 2026 12:45:50 PM PT",AAPL,2.167,3.293,0,LET RUN,NO ACTION
20260922_124550,"Sep 22, 2026 12:45:50 PM PT",INTC,1.25,1.25,0,LET RUN,NO ACTION
20260922_124550,"Sep 22, 2026 12:45:50 PM PT",PLTR,8.555,8.555,2,HOLD,NO ACTION
20260922_124550,"Sep 22, 2026 12:45:50 PM PT",WBD,3.405,3.573,0,LET RUN,NO ACTION
20260922_131602,"Sep 22, 2026 01:16:02 PM PT",AAPL,2.146,3.293,0,LET RUN,NO ACTION
20260922_131602,"Sep 22, 2026 01:16:02 PM PT",INTC,1.575,1.575,0,LET RUN,NO ACTION
20260922_131602,"Sep 22, 2026 01:16:02 PM PT",PLTR,8.552999999999999,8.555,2,HOLD,NO ACTION
20260922_131602,"Sep 22, 2026 01:16:02 PM PT",WBD,3.3550000000000004,3.573,0,LET RUN,NO ACTION
20260922_134312,"Sep 22, 2026 01:43:12 PM PT",AAPL,2.173,3.293,0,LET RUN,NO ACTION
20260922_134312,"Sep 22, 2026 01:43:12 PM PT",INTC,1.468,1.575,0,LET RUN,NO ACTION
20260922_134312,"Sep 22, 2026 01:43:12 PM PT",PLTR,8.694,8.694,2,HOLD,NO ACTION
20260922_134312,"Sep 22, 2026 01:43:12 PM PT",WBD,3.3550000000000004,3.573,0,LET RUN,NO ACTION
20260922_135634,"Sep 22, 2026 01:56:34 PM PT",AAPL,2.13,3.293,0,LET RUN,NO ACTION
20260922_135634,"Sep 22, 2026 01:56:34 PM PT",INTC,1.517,1.575,0,LET RUN,NO ACTION
20260922_135634,"Sep 22, 2026 01:56:34 PM PT",PLTR,8.652999999999999,8.694,2,HOLD,NO ACTION
20260922_135634,"Sep 22, 2026 01:56:34 PM PT",WBD,3.388,3.573,0,LET RUN,NO ACTION
20260922_141612,"Sep 22, 2026 02:16:12 PM PT",AAPL,2.085,3.293,0,LET RUN,NO ACTION
20260922_141612,"Sep 22, 2026 02:16:12 PM PT",INTC,1.523,1.575,0,LET RUN,NO ACTION
20260922_141612,"Sep 22, 2026 02:16:12 PM PT",PLTR,8.782,8.782,2,HOLD,NO ACTION
20260922_141612,"Sep 22, 2026 02:16:12 PM PT",WBD,3.388,3.573,0,LET RUN,NO ACTION
20260922_144229,"Sep 22, 2026 02:42:29 PM PT",AAPL,2.121,3.293,0,LET RUN,NO ACTION
20260922_144229,"Sep 22, 2026 02:42:29 PM PT",INTC,1.451,1.575,0,LET RUN,NO ACTION
20260922_144229,"Sep 22, 2026 02:42:29 PM PT",PLTR,8.703,8.782,2,HOLD,NO ACTION
20260922_144229,"Sep 22, 2026 02:42:29 PM PT",WBD,3.321,3.573,0,LET RUN,NO ACTION
20260922_145542,"Sep 22, 2026 02:55:42 PM PT",AAPL,2.133,3.293,0,LET RUN,NO ACTION
20260922_145542,"Sep 22, 2026 02:55:42 PM PT",INTC,1.353,1.575,0,LET RUN,NO ACTION
20260922_145542,"Sep 22, 2026 02:55:42 PM PT",PLTR,8.556,8.782,2,HOLD,NO ACTION
20260922_145542,"Sep 22, 2026 02:55:42 PM PT",WBD,3.321,3.573,0,LET RUN,NO ACTION
20260923_061813,"Sep 23, 2026 06:18:13 AM PT",AAPL,2.903,3.293,0,LET RUN,NO ACTION
20260923_061813,"Sep 23, 2026 06:18:13 AM PT",INTC,0.777,1.575,0,LET RUN,NO ACTION
20260923_061813,"Sep 23, 2026 06:18:13 AM PT",PLTR,9.105,9.105,2,HOLD,NO ACTION
20260923_061813,"Sep 23, 2026 06:18:13 AM PT",WBD,3.321,3.573,0,LET RUN,NO ACTION
20260923_064502,"Sep 23, 2026 06:45:02 AM PT",AAPL,1.428,3.293,1,LET RUN,NO ACTION
20260923_064502,"Sep 23, 2026 06:45:02 AM PT",INTC,-0.102,1.575,0,HOLD,NO ACTION
20260923_064502,"Sep 23, 2026 06:45:02 AM PT",PLTR,13.166,13.166,0,LET RUN,NO ACTION
20260923_064502,"Sep 23, 2026 06:45:02 AM PT",WBD,3.321,3.573,0,LET RUN,NO ACTION
20260923_065801,"Sep 23, 2026 06:58:01 AM PT",AAPL,1.595,3.293,0,LET RUN,NO ACTION
20260923_065801,"Sep 23, 2026 06:58:01 AM PT",INTC,-0.201,1.575,0,HOLD,NO ACTION
20260923_065801,"Sep 23, 2026 06:58:01 AM PT",PLTR,12.547,13.166,0,LET RUN,NO ACTION
20260923_065801,"Sep 23, 2026 06:58:01 AM PT",WBD,3.304,3.573,0,LET RUN,NO ACTION
20260923_072033,"Sep 23, 2026 07:20:33 AM PT",AAPL,1.251,3.293,1,PROTECT PROFIT,NO ACTION
20260923_072033,"Sep 23, 2026 07:20:33 AM PT",INTC,-1.356,1.575,0,HOLD,NO ACTION
20260923_072033,"Sep 23, 2026 07:20:33 AM PT",PLTR,11.09,13.166,0,LET RUN,NO ACTION
20260923_072033,"Sep 23, 2026 07:20:33 AM PT",WBD,3.321,3.573,0,LET RUN,NO ACTION
20260923_074529,"Sep 23, 2026 07:45:29 AM PT",AAPL,1.4460000000000002,3.293,0,LET RUN,NO ACTION
20260923_074529,"Sep 23, 2026 07:45:29 AM PT",INTC,-1.274,1.575,0,HOLD,NO ACTION
20260923_074529,"Sep 23, 2026 07:45:29 AM PT",PLTR,11.71,13.166,0,LET RUN,NO ACTION
20260923_074529,"Sep 23, 2026 07:45:29 AM PT",WBD,3.338,3.573,0,LET RUN,NO ACTION
20260923_081608,"Sep 23, 2026 08:16:08 AM PT",AAPL,1.541,3.293,0,LET RUN,NO ACTION
20260923_081608,"Sep 23, 2026 08:16:08 AM PT",INTC,-0.444,1.575,0,HOLD,NO ACTION
20260923_081608,"Sep 23, 2026 08:16:08 AM PT",PLTR,12.285,13.166,0,LET RUN,NO ACTION
20260923_081608,"Sep 23, 2026 08:16:08 AM PT",WBD,3.304,3.573,0,LET RUN,NO ACTION
20260923_084436,"Sep 23, 2026 08:44:36 AM PT",AAPL,1.131,3.293,1,PROTECT PROFIT,NO ACTION
20260923_084436,"Sep 23, 2026 08:44:36 AM PT",INTC,-0.609,1.575,0,HOLD,NO ACTION
20260923_084436,"Sep 23, 2026 08:44:36 AM PT",PLTR,12.882,13.166,0,LET RUN,NO ACTION
20260923_084436,"Sep 23, 2026 08:44:36 AM PT",WBD,3.2710000000000004,3.573,0,LET RUN,NO ACTION
20260923_085803,"Sep 23, 2026 08:58:03 AM PT",AAPL,1.246,3.293,1,PROTECT PROFIT,NO ACTION
20260923_085803,"Sep 23, 2026 08:58:03 AM PT",INTC,-1.073,1.575,0,HOLD,NO ACTION
20260923_085803,"Sep 23, 2026 08:58:03 AM PT",PLTR,12.3,13.166,0,LET RUN,NO ACTION
20260923_085803,"Sep 23, 2026 08:58:03 AM PT",WBD,3.2710000000000004,3.573,0,LET RUN,NO ACTION
20260923_092102,"Sep 23, 2026 09:21:02 AM PT",AAPL,1.203,3.293,1,PROTECT PROFIT,NO ACTION
20260923_092102,"Sep 23, 2026 09:21:02 AM PT",INTC,-1.179,1.575,0,HOLD,NO ACTION
20260923_092102,"Sep 23, 2026 09:21:02 AM PT",PLTR,12.541,13.166,0,LET RUN,NO ACTION
20260923_092102,"Sep 23, 2026 09:21:02 AM PT",WBD,3.2710000000000004,3.573,0,LET RUN,NO ACTION
20260923_094444,"Sep 23, 2026 09:44:44 AM PT",AAPL,1.189,3.293,1,PROTECT PROFIT,NO ACTION
20260923_094444,"Sep 23, 2026 09:44:44 AM PT",INTC,-0.999,1.575,0,HOLD,NO ACTION
20260923_094444,"Sep 23, 2026 09:44:44 AM PT",PLTR,11.818,13.166,0,LET RUN,NO ACTION
20260923_094444,"Sep 23, 2026 09:44:44 AM PT",WBD,3.17,3.573,0,LET RUN,NO ACTION
20260923_095804,"Sep 23, 2026 09:58:04 AM PT",AAPL,1.194,3.293,1,PROTECT PROFIT,NO ACTION
20260923_095804,"Sep 23, 2026 09:58:04 AM PT",INTC,-1.206,1.575,0,HOLD,NO ACTION
20260923_095804,"Sep 23, 2026 09:58:04 AM PT",PLTR,12.024,13.166,0,LET RUN,NO ACTION
20260923_095804,"Sep 23, 2026 09:58:04 AM PT",WBD,3.019,3.573,0,LET RUN,NO ACTION
20260923_101915,"Sep 23, 2026 10:19:15 AM PT",AAPL,1.49,3.293,0,LET RUN,NO ACTION
20260923_101915,"Sep 23, 2026 10:19:15 AM PT",INTC,-1.085,1.575,0,HOLD,NO ACTION
20260923_101915,"Sep 23, 2026 10:19:15 AM PT",PLTR,12.147,13.166,0,LET RUN,NO ACTION
20260923_101915,"Sep 23, 2026 10:19:15 AM PT",WBD,3.036,3.573,0,LET RUN,NO ACTION
20260923_104213,"Sep 23, 2026 10:42:13 AM PT",AAPL,1.319,3.293,1,LET RUN,NO ACTION
20260923_104213,"Sep 23, 2026 10:42:13 AM PT",INTC,-0.982,1.575,0,HOLD,NO ACTION
20260923_104213,"Sep 23, 2026 10:42:13 AM PT",PLTR,12.47,13.166,0,LET RUN,NO ACTION
20260923_104213,"Sep 23, 2026 10:42:13 AM PT",WBD,3.002,3.573,0,LET RUN,NO ACTION
20260923_105521,"Sep 23, 2026 10:55:21 AM PT",AAPL,1.4,3.293,1,LET RUN,NO ACTION
20260923_105521,"Sep 23, 2026 10:55:21 AM PT",INTC,-0.694,1.575,0,HOLD,NO ACTION
20260923_105521,"Sep 23, 2026 10:55:21 AM PT",PLTR,12.356,13.166,0,LET RUN,NO ACTION
20260923_105521,"Sep 23, 2026 10:55:21 AM PT",WBD,2.986,3.573,0,LET RUN,NO ACTION
20260923_112034,"Sep 23, 2026 11:20:34 AM PT",AAPL,1.243,3.293,1,PROTECT PROFIT,NO ACTION
20260923_112034,"Sep 23, 2026 11:20:34 AM PT",INTC,-0.645,1.575,0,HOLD,NO ACTION
20260923_112034,"Sep 23, 2026 11:20:34 AM PT",PLTR,12.235,13.166,0,LET RUN,NO ACTION
20260923_112034,"Sep 23, 2026 11:20:34 AM PT",WBD,3.086,3.573,0,LET RUN,NO ACTION
20260923_114538,"Sep 23, 2026 11:45:38 AM PT",AAPL,1.237,3.293,1,PROTECT PROFIT,NO ACTION
20260923_114538,"Sep 23, 2026 11:45:38 AM PT",INTC,-0.514,1.575,0,HOLD,NO ACTION
20260923_114538,"Sep 23, 2026 11:45:38 AM PT",PLTR,12.059,13.166,0,LET RUN,NO ACTION
20260923_114538,"Sep 23, 2026 11:45:38 AM PT",WBD,3.036,3.573,0,LET RUN,NO ACTION
20260923_121436,"Sep 23, 2026 12:14:36 PM PT",AAPL,1.146,3.293,1,PROTECT PROFIT,NO ACTION
20260923_121436,"Sep 23, 2026 12:14:36 PM PT",INTC,-0.185,1.575,0,HOLD,NO ACTION
20260923_121436,"Sep 23, 2026 12:14:36 PM PT",PLTR,12.732,13.166,0,LET RUN,NO ACTION
20260923_121436,"Sep 23, 2026 12:14:36 PM PT",WBD,2.9690000000000003,3.573,0,LET RUN,NO ACTION
20260923_123143,"Sep 23, 2026 12:31:43 PM PT",AAPL,1.012,3.293,1,PROTECT PROFIT,NO ACTION
20260923_123143,"Sep 23, 2026 12:31:43 PM PT",INTC,-0.0279999999999999,1.575,0,HOLD,NO ACTION
20260923_123143,"Sep 23, 2026 12:31:43 PM PT",PLTR,12.732,13.166,0,LET RUN,NO ACTION
20260923_123143,"Sep 23, 2026 12:31:43 PM PT",WBD,2.952,3.573,0,LET RUN,NO ACTION
20260923_125433,"Sep 23, 2026 12:54:33 PM PT",AAPL,0.917,3.293,1,PROTECT PROFIT,NO ACTION
20260923_125433,"Sep 23, 2026 12:54:33 PM PT",INTC,0.194,1.575,0,LET RUN,NO ACTION
20260923_125433,"Sep 23, 2026 12:54:33 PM PT",PLTR,12.814,13.166,0,LET RUN,NO ACTION
20260923_125433,"Sep 23, 2026 12:54:33 PM PT",WBD,3.002,3.573,0,LET RUN,NO ACTION
20260923_131737,"Sep 23, 2026 01:17:37 PM PT",AAPL,1.216,3.293,1,PROTECT PROFIT,NO ACTION
20260923_131737,"Sep 23, 2026 01:17:37 PM PT",INTC,0.596,1.575,0,LET RUN,NO ACTION
20260923_131737,"Sep 23, 2026 01:17:37 PM PT",PLTR,12.393,13.166,0,LET RUN,NO ACTION
20260923_131737,"Sep 23, 2026 01:17:37 PM PT",WBD,3.1530000000000005,3.573,0,LET RUN,NO ACTION
20260923_134236,"Sep 23, 2026 01:42:36 PM PT",AAPL,1.222,3.293,1,PROTECT PROFIT,NO ACTION
20260923_134236,"Sep 23, 2026 01:42:36 PM PT",INTC,0.5930000000000001,1.575,0,LET RUN,NO ACTION
20260923_134236,"Sep 23, 2026 01:42:36 PM PT",PLTR,12.242,13.166,0,LET RUN,NO ACTION
20260923_134236,"Sep 23, 2026 01:42:36 PM PT",WBD,3.086,3.573,0,LET RUN,NO ACTION
20260923_135558,"Sep 23, 2026 01:55:58 PM PT",AAPL,1.249,3.293,1,PROTECT PROFIT,NO ACTION
20260923_135558,"Sep 23, 2026 01:55:58 PM PT",INTC,0.525,1.575,0,LET RUN,NO ACTION
20260923_135558,"Sep 23, 2026 01:55:58 PM PT",PLTR,12.311,13.166,0,LET RUN,NO ACTION
20260923_135558,"Sep 23, 2026 01:55:58 PM PT",WBD,3.1530000000000005,3.573,0,LET RUN,NO ACTION
20260923_141728,"Sep 23, 2026 02:17:28 PM PT",AAPL,1.246,3.293,1,PROTECT PROFIT,NO ACTION
20260923_141728,"Sep 23, 2026 02:17:28 PM PT",INTC,0.577,1.575,0,LET RUN,NO ACTION
20260923_141728,"Sep 23, 2026 02:17:28 PM PT",PLTR,12.124,13.166,0,LET RUN,NO ACTION
20260923_141728,"Sep 23, 2026 02:17:28 PM PT",WBD,3.1870000000000003,3.573,0,LET RUN,NO ACTION
20260923_144203,"Sep 23, 2026 02:42:03 PM PT",AAPL,1.243,3.293,1,PROTECT PROFIT,NO ACTION
20260923_144203,"Sep 23, 2026 02:42:03 PM PT",INTC,0.563,1.575,0,LET RUN,NO ACTION
20260923_144203,"Sep 23, 2026 02:42:03 PM PT",PLTR,12.23,13.166,0,LET RUN,NO ACTION
20260923_144203,"Sep 23, 2026 02:42:03 PM PT",WBD,3.192,3.573,0,LET RUN,NO ACTION
20260923_145506,"Sep 23, 2026 02:55:06 PM PT",AAPL,1.258,3.293,1,PROTECT PROFIT,NO ACTION
20260923_145506,"Sep 23, 2026 02:55:06 PM PT",INTC,0.6459999999999999,1.575,0,LET RUN,NO ACTION
20260923_145506,"Sep 23, 2026 02:55:06 PM PT",PLTR,12.23,13.166,0,LET RUN,NO ACTION
20260923_145506,"Sep 23, 2026 02:55:06 PM PT",WBD,3.321,3.573,0,LET RUN,NO ACTION
20260924_061823,"Sep 24, 2026 06:18:23 AM PT",AAPL,1.138,3.293,1,PROTECT PROFIT,NO ACTION
20260924_061823,"Sep 24, 2026 06:18:23 AM PT",INTC,-1.6729999999999998,1.575,0,HOLD,NO ACTION
20260924_061823,"Sep 24, 2026 06:18:23 AM PT",PLTR,11.002,13.166,0,LET RUN,NO ACTION
20260924_061823,"Sep 24, 2026 06:18:23 AM PT",WBD,3.254,3.573,0,LET RUN,NO ACTION
20260924_064610,"Sep 24, 2026 06:46:10 AM PT",AAPL,0.614,3.293,1,PROTECT PROFIT,NO ACTION
20260924_064610,"Sep 24, 2026 06:46:10 AM PT",INTC,2.5860000000000003,2.5860000000000003,0,LET RUN,NO ACTION
20260924_064610,"Sep 24, 2026 06:46:10 AM PT",PLTR,11.883,13.166,0,LET RUN,NO ACTION
20260924_064610,"Sep 24, 2026 06:46:10 AM PT",WBD,3.137,3.573,0,LET RUN,NO ACTION
20260924_071744,"Sep 24, 2026 07:17:44 AM PT",AAPL,1.439,3.293,1,LET RUN,NO ACTION
20260924_071744,"Sep 24, 2026 07:17:44 AM PT",INTC,1.882,2.586,0,LET RUN,NO ACTION
20260924_071744,"Sep 24, 2026 07:17:44 AM PT",PLTR,12.065,13.166,0,LET RUN,NO ACTION
20260924_071744,"Sep 24, 2026 07:17:44 AM PT",WBD,3.204,3.573,0,LET RUN,NO ACTION
20260924_074624,"Sep 24, 2026 07:46:24 AM PT",AAPL,1.06,3.293,1,PROTECT PROFIT,NO ACTION
20260924_074624,"Sep 24, 2026 07:46:24 AM PT",INTC,1.887,2.586,0,LET RUN,NO ACTION
20260924_074624,"Sep 24, 2026 07:46:24 AM PT",PLTR,12.905,13.166,0,LET RUN,NO ACTION
20260924_074624,"Sep 24, 2026 07:46:24 AM PT",WBD,3.237,3.573,0,LET RUN,NO ACTION
20260924_081805,"Sep 24, 2026 08:18:05 AM PT",AAPL,1.048,3.293,1,PROTECT PROFIT,NO ACTION
20260924_081805,"Sep 24, 2026 08:18:05 AM PT",INTC,1.608,2.586,0,LET RUN,NO ACTION
20260924_081805,"Sep 24, 2026 08:18:05 AM PT",PLTR,12.086,13.166,0,LET RUN,NO ACTION
20260924_081805,"Sep 24, 2026 08:18:05 AM PT",WBD,3.2710000000000004,3.573,0,LET RUN,NO ACTION
20260924_084449,"Sep 24, 2026 08:44:49 AM PT",AAPL,1.002,3.293,1,PROTECT PROFIT,NO ACTION
20260924_084449,"Sep 24, 2026 08:44:49 AM PT",INTC,0.744,2.586,0,LET RUN,NO ACTION
20260924_084449,"Sep 24, 2026 08:44:49 AM PT",PLTR,12.385,13.166,0,LET RUN,NO ACTION
20260924_084449,"Sep 24, 2026 08:44:49 AM PT",WBD,3.237,3.573,0,LET RUN,NO ACTION
20260924_085803,"Sep 24, 2026 08:58:03 AM PT",AAPL,1.093,3.293,1,PROTECT PROFIT,NO ACTION
20260924_085803,"Sep 24, 2026 08:58:03 AM PT",INTC,0.736,2.586,0,LET RUN,NO ACTION
20260924_085803,"Sep 24, 2026 08:58:03 AM PT",PLTR,12.642,13.166,0,LET RUN,NO ACTION
20260924_085803,"Sep 24, 2026 08:58:03 AM PT",WBD,3.237,3.573,0,LET RUN,NO ACTION
20260924_092116,"Sep 24, 2026 09:21:16 AM PT",AAPL,1.641,3.293,1,LET RUN,NO ACTION
20260924_092116,"Sep 24, 2026 09:21:16 AM PT",INTC,2.471,2.586,0,LET RUN,NO ACTION
20260924_092116,"Sep 24, 2026 09:21:16 AM PT",PLTR,13.152,13.166,0,LET RUN,NO ACTION
20260924_092116,"Sep 24, 2026 09:21:16 AM PT",WBD,3.17,3.573,0,LET RUN,NO ACTION
20260924_094425,"Sep 24, 2026 09:44:25 AM PT",AAPL,1.601,3.293,0,LET RUN,NO ACTION
20260924_094425,"Sep 24, 2026 09:44:25 AM PT",INTC,3.087,3.087,0,LET RUN,NO ACTION
20260924_094425,"Sep 24, 2026 09:44:25 AM PT",PLTR,13.557,13.557,0,LET RUN,NO ACTION
20260924_094425,"Sep 24, 2026 09:44:25 AM PT",WBD,3.069,3.573,0,LET RUN,NO ACTION
20260924_095852,"Sep 24, 2026 09:58:52 AM PT",AAPL,1.688,3.293,0,LET RUN,NO ACTION
20260924_095852,"Sep 24, 2026 09:58:52 AM PT",INTC,3.252,3.252,0,LET RUN,NO ACTION
20260924_095852,"Sep 24, 2026 09:58:52 AM PT",PLTR,13.604,13.604,0,LET RUN,NO ACTION
20260924_095852,"Sep 24, 2026 09:58:52 AM PT",WBD,3.103,3.573,0,LET RUN,NO ACTION
20260924_101928,"Sep 24, 2026 10:19:28 AM PT",AAPL,1.616,3.293,0,LET RUN,NO ACTION
20260924_101928,"Sep 24, 2026 10:19:28 AM PT",INTC,3.318,3.318,0,LET RUN,NO ACTION
20260924_101928,"Sep 24, 2026 10:19:28 AM PT",PLTR,13.486,13.604,0,LET RUN,NO ACTION
20260924_101928,"Sep 24, 2026 10:19:28 AM PT",WBD,3.1530000000000005,3.573,0,LET RUN,NO ACTION
20260924_104232,"Sep 24, 2026 10:42:32 AM PT",AAPL,1.344,3.293,1,LET RUN,NO ACTION
20260924_104232,"Sep 24, 2026 10:42:32 AM PT",INTC,3.17,3.318,0,LET RUN,NO ACTION
20260924_104232,"Sep 24, 2026 10:42:32 AM PT",PLTR,13.14,13.604,0,LET RUN,NO ACTION
20260924_104232,"Sep 24, 2026 10:42:32 AM PT",WBD,3.22,3.573,0,LET RUN,NO ACTION
20260924_105546,"Sep 24, 2026 10:55:46 AM PT",AAPL,1.319,3.293,1,PROTECT PROFIT,NO ACTION
20260924_105546,"Sep 24, 2026 10:55:46 AM PT",INTC,2.73,3.318,0,LET RUN,NO ACTION
20260924_105546,"Sep 24, 2026 10:55:46 AM PT",PLTR,12.999,13.604,0,LET RUN,NO ACTION
20260924_105546,"Sep 24, 2026 10:55:46 AM PT",WBD,3.237,3.573,0,LET RUN,NO ACTION
20260924_112107,"Sep 24, 2026 11:21:07 AM PT",AAPL,1.355,3.293,1,LET RUN,NO ACTION
20260924_112107,"Sep 24, 2026 11:21:07 AM PT",INTC,2.972,3.318,0,LET RUN,NO ACTION
20260924_112107,"Sep 24, 2026 11:21:07 AM PT",PLTR,13.069,13.604,0,LET RUN,NO ACTION
20260924_112107,"Sep 24, 2026 11:21:07 AM PT",WBD,3.304,3.573,0,LET RUN,NO ACTION
20260924_114606,"Sep 24, 2026 11:46:06 AM PT",AAPL,1.391,3.293,1,LET RUN,NO ACTION
20260924_114606,"Sep 24, 2026 11:46:06 AM PT",INTC,3.655,3.655,0,LET RUN,NO ACTION
20260924_114606,"Sep 24, 2026 11:46:06 AM PT",PLTR,13.328,13.604,0,LET RUN,NO ACTION
20260924_114606,"Sep 24, 2026 11:46:06 AM PT",WBD,3.506,3.573,0,LET RUN,NO ACTION
20260924_121524,"Sep 24, 2026 12:15:24 PM PT",AAPL,1.433,3.293,1,LET RUN,NO ACTION
20260924_121524,"Sep 24, 2026 12:15:24 PM PT",INTC,3.88,3.88,0,LET RUN,NO ACTION
20260924_121524,"Sep 24, 2026 12:15:24 PM PT",PLTR,12.874,13.604,0,LET RUN,NO ACTION
20260924_121524,"Sep 24, 2026 12:15:24 PM PT",WBD,3.388,3.573,0,LET RUN,NO ACTION
20260924_124216,"Sep 24, 2026 12:42:16 PM PT",AAPL,1.346,3.293,1,LET RUN,NO ACTION
20260924_124216,"Sep 24, 2026 12:42:16 PM PT",INTC,4.378,4.378,0,LET RUN,NO ACTION
20260924_124216,"Sep 24, 2026 12:42:16 PM PT",PLTR,13.005,13.604,0,LET RUN,NO ACTION
20260924_124216,"Sep 24, 2026 12:42:16 PM PT",WBD,3.422,3.573,0,LET RUN,NO ACTION
20260924_125626,"Sep 24, 2026 12:56:26 PM PT",AAPL,0.937,3.293,1,PROTECT PROFIT,NO ACTION
20260924_125626,"Sep 24, 2026 12:56:26 PM PT",INTC,4.6080000000000005,4.6080000000000005,0,LET RUN,NO ACTION
20260924_125626,"Sep 24, 2026 12:56:26 PM PT",PLTR,13.178,13.604,0,LET RUN,NO ACTION
20260924_125626,"Sep 24, 2026 12:56:26 PM PT",WBD,3.454,3.573,0,LET RUN,NO ACTION
20260924_131916,"Sep 24, 2026 01:19:16 PM PT",AAPL,0.763,3.293,1,PROTECT PROFIT,NO ACTION
20260924_131916,"Sep 24, 2026 01:19:16 PM PT",INTC,4.492999999999999,4.608,0,LET RUN,NO ACTION
20260924_131916,"Sep 24, 2026 01:19:16 PM PT",PLTR,12.629,13.604,0,LET RUN,NO ACTION
20260924_131916,"Sep 24, 2026 01:19:16 PM PT",WBD,3.388,3.573,0,LET RUN,NO ACTION
20260924_134429,"Sep 24, 2026 01:44:29 PM PT",AAPL,0.8710000000000001,3.293,1,PROTECT PROFIT,NO ACTION
20260924_134429,"Sep 24, 2026 01:44:29 PM PT",INTC,4.636,4.636,0,LET RUN,NO ACTION
20260924_134429,"Sep 24, 2026 01:44:29 PM PT",PLTR,12.746,13.604,0,LET RUN,NO ACTION
20260924_134429,"Sep 24, 2026 01:44:29 PM PT",WBD,3.3550000000000004,3.573,0,LET RUN,NO ACTION
20260924_135842,"Sep 24, 2026 01:58:42 PM PT",AAPL,0.889,3.293,1,PROTECT PROFIT,NO ACTION
20260924_135842,"Sep 24, 2026 01:58:42 PM PT",INTC,4.715,4.715,0,LET RUN,NO ACTION
20260924_135842,"Sep 24, 2026 01:58:42 PM PT",PLTR,12.835,13.604,0,LET RUN,NO ACTION
20260924_135842,"Sep 24, 2026 01:58:42 PM PT",WBD,3.3550000000000004,3.573,0,LET RUN,NO ACTION
20260924_141917,"Sep 24, 2026 02:19:17 PM PT",AAPL,0.901,3.293,1,PROTECT PROFIT,NO ACTION
20260924_141917,"Sep 24, 2026 02:19:17 PM PT",INTC,4.52,4.715,0,LET RUN,NO ACTION
20260924_141917,"Sep 24, 2026 02:19:17 PM PT",PLTR,12.882,13.604,0,LET RUN,NO ACTION
20260924_141917,"Sep 24, 2026 02:19:17 PM PT",WBD,3.3550000000000004,3.573,0,LET RUN,NO ACTION
20260924_144151,"Sep 24, 2026 02:41:51 PM PT",AAPL,0.935,3.293,1,PROTECT PROFIT,NO ACTION
20260924_144151,"Sep 24, 2026 02:41:51 PM PT",INTC,4.723,4.723,0,LET RUN,NO ACTION
20260924_144151,"Sep 24, 2026 02:41:51 PM PT",PLTR,12.799,13.604,0,LET RUN,NO ACTION
20260924_144151,"Sep 24, 2026 02:41:51 PM PT",WBD,3.422,3.573,0,LET RUN,NO ACTION
20260924_224713,"Sep 24, 2026 10:47:13 PM PT",AAPL,0.88,3.293,1,PROTECT PROFIT,NO ACTION
20260924_224713,"Sep 24, 2026 10:47:13 PM PT",INTC,6.253,6.253,0,LET RUN,NO ACTION
20260924_224713,"Sep 24, 2026 10:47:13 PM PT",PLTR,13.052,13.604,0,LET RUN,NO ACTION
20260924_224713,"Sep 24, 2026 10:47:13 PM PT",WBD,3.3550000000000004,3.573,0,LET RUN,NO ACTION
20260925_061821,"Sep 25, 2026 06:18:21 AM PT",AAPL,0.94,3.293,1,PROTECT PROFIT,NO ACTION
20260925_061821,"Sep 25, 2026 06:18:21 AM PT",INTC,4.46,6.253,0,LET RUN,NO ACTION
20260925_061821,"Sep 25, 2026 06:18:21 AM PT",PLTR,12.817,13.604,0,LET RUN,NO ACTION
20260925_061821,"Sep 25, 2026 06:18:21 AM PT",WBD,3.405,3.573,0,LET RUN,NO ACTION
20260925_064515,"Sep 25, 2026 06:45:15 AM PT",AAPL,0.94,3.293,1,PROTECT PROFIT,NO ACTION
20260925_064515,"Sep 25, 2026 06:45:15 AM PT",INTC,3.721,6.253,3,WATCH CLOSELY,NO ACTION
20260925_064515,"Sep 25, 2026 06:45:15 AM PT",PLTR,13.794999999999998,13.794999999999998,0,LET RUN,NO ACTION
20260925_064515,"Sep 25, 2026 06:45:15 AM PT",WBD,3.455,3.573,0,LET RUN,NO ACTION
20260925_065945,"Sep 25, 2026 06:59:45 AM PT",AAPL,0.928,3.293,1,PROTECT PROFIT,NO ACTION
20260925_065945,"Sep 25, 2026 06:59:45 AM PT",INTC,3.137,6.253,3,WATCH CLOSELY,NO ACTION
20260925_065945,"Sep 25, 2026 06:59:45 AM PT",PLTR,12.975,13.795,0,LET RUN,NO ACTION
20260925_065945,"Sep 25, 2026 06:59:45 AM PT",WBD,3.438,3.573,0,LET RUN,NO ACTION
20260925_072249,"Sep 25, 2026 07:22:49 AM PT",AAPL,0.749,3.293,1,PROTECT PROFIT,NO ACTION
20260925_072249,"Sep 25, 2026 07:22:49 AM PT",INTC,2.2,6.253,3,WATCH CLOSELY,NO ACTION
20260925_072249,"Sep 25, 2026 07:22:49 AM PT",PLTR,12.218,13.795,0,LET RUN,NO ACTION
20260925_072249,"Sep 25, 2026 07:22:49 AM PT",WBD,3.438,3.573,0,LET RUN,NO ACTION
20260925_074535,"Sep 25, 2026 07:45:35 AM PT",AAPL,1.197,3.293,1,PROTECT PROFIT,NO ACTION
20260925_074535,"Sep 25, 2026 07:45:35 AM PT",INTC,2.52,6.253,3,WATCH CLOSELY,NO ACTION
20260925_074535,"Sep 25, 2026 07:45:35 AM PT",PLTR,11.871,13.795,0,LET RUN,NO ACTION
20260925_074535,"Sep 25, 2026 07:45:35 AM PT",WBD,3.438,3.573,0,LET RUN,NO ACTION
20260925_081811,"Sep 25, 2026 08:18:11 AM PT",AAPL,1.559,3.293,1,LET RUN,NO ACTION
20260925_081811,"Sep 25, 2026 08:18:11 AM PT",INTC,1.867,6.253,3,PROTECT PROFIT,NO ACTION
20260925_081811,"Sep 25, 2026 08:18:11 AM PT",PLTR,12.594,13.795,0,LET RUN,NO ACTION
20260925_081811,"Sep 25, 2026 08:18:11 AM PT",WBD,3.472,3.573,0,LET RUN,NO ACTION
20260925_084354,"Sep 25, 2026 08:43:54 AM PT",AAPL,1.637,3.293,1,LET RUN,NO ACTION
20260925_084354,"Sep 25, 2026 08:43:54 AM PT",INTC,1.312,6.253,3,PROTECT PROFIT,NO ACTION
20260925_084354,"Sep 25, 2026 08:43:54 AM PT",PLTR,12.277,13.795,0,LET RUN,NO ACTION
20260925_084354,"Sep 25, 2026 08:43:54 AM PT",WBD,3.472,3.573,0,LET RUN,NO ACTION
20260925_085734,"Sep 25, 2026 08:57:34 AM PT",AAPL,1.915,3.293,0,LET RUN,NO ACTION
20260925_085734,"Sep 25, 2026 08:57:34 AM PT",INTC,1.295,6.253,3,PROTECT PROFIT,NO ACTION
20260925_085734,"Sep 25, 2026 08:57:34 AM PT",PLTR,12.597,13.795,0,LET RUN,NO ACTION
20260925_085734,"Sep 25, 2026 08:57:34 AM PT",WBD,3.472,3.573,0,LET RUN,NO ACTION
20260925_092024,"Sep 25, 2026 09:20:24 AM PT",AAPL,1.974,3.293,0,LET RUN,NO ACTION
20260925_092024,"Sep 25, 2026 09:20:24 AM PT",INTC,1.959,6.253,3,PROTECT PROFIT,NO ACTION
20260925_092024,"Sep 25, 2026 09:20:24 AM PT",PLTR,12.476,13.795,0,LET RUN,NO ACTION
20260925_092024,"Sep 25, 2026 09:20:24 AM PT",WBD,3.472,3.573,0,LET RUN,NO ACTION
20260925_094611,"Sep 25, 2026 09:46:11 AM PT",AAPL,1.963,3.293,0,LET RUN,NO ACTION
20260925_094611,"Sep 25, 2026 09:46:11 AM PT",INTC,2.249,6.253,3,WATCH CLOSELY,NO ACTION
20260925_094611,"Sep 25, 2026 09:46:11 AM PT",PLTR,12.764,13.795,0,LET RUN,NO ACTION
20260925_094611,"Sep 25, 2026 09:46:11 AM PT",WBD,3.489,3.573,0,LET RUN,NO ACTION
20260925_101540,"Sep 25, 2026 10:15:40 AM PT",AAPL,2.073,3.293,0,LET RUN,NO ACTION
20260925_101540,"Sep 25, 2026 10:15:40 AM PT",INTC,2.528,6.253,3,WATCH CLOSELY,NO ACTION
20260925_101540,"Sep 25, 2026 10:15:40 AM PT",PLTR,12.608,13.795,0,LET RUN,NO ACTION
20260925_101540,"Sep 25, 2026 10:15:40 AM PT",WBD,3.539,3.573,0,LET RUN,NO ACTION
20260925_104406,"Sep 25, 2026 10:44:06 AM PT",AAPL,2.199,3.293,0,LET RUN,NO ACTION
20260925_104406,"Sep 25, 2026 10:44:06 AM PT",INTC,2.1950000000000003,6.253,3,WATCH CLOSELY,NO ACTION
20260925_104406,"Sep 25, 2026 10:44:06 AM PT",PLTR,12.629,13.795,0,LET RUN,NO ACTION
20260925_104406,"Sep 25, 2026 10:44:06 AM PT",WBD,3.506,3.573,0,LET RUN,NO ACTION
20260925_105750,"Sep 25, 2026 10:57:50 AM PT",AAPL,2.114,3.293,0,LET RUN,NO ACTION
20260925_105750,"Sep 25, 2026 10:57:50 AM PT",INTC,2.171,6.253,3,WATCH CLOSELY,NO ACTION
20260925_105750,"Sep 25, 2026 10:57:50 AM PT",PLTR,12.679000000000002,13.795,0,LET RUN,NO ACTION
20260925_105750,"Sep 25, 2026 10:57:50 AM PT",WBD,3.506,3.573,0,LET RUN,NO ACTION
20260925_112110,"Sep 25, 2026 11:21:10 AM PT",AAPL,2.172,3.293,0,LET RUN,NO ACTION
20260925_112110,"Sep 25, 2026 11:21:10 AM PT",INTC,2.426,6.253,3,WATCH CLOSELY,NO ACTION
20260925_112110,"Sep 25, 2026 11:21:10 AM PT",PLTR,12.371,13.795,0,LET RUN,NO ACTION
20260925_112110,"Sep 25, 2026 11:21:10 AM PT",WBD,3.506,3.573,0,LET RUN,NO ACTION
20260925_114526,"Sep 25, 2026 11:45:26 AM PT",AAPL,2.244,3.293,0,LET RUN,NO ACTION
20260925_114526,"Sep 25, 2026 11:45:26 AM PT",INTC,2.549,6.253,3,WATCH CLOSELY,NO ACTION
20260925_114526,"Sep 25, 2026 11:45:26 AM PT",PLTR,12.488,13.795,0,LET RUN,NO ACTION
20260925_114526,"Sep 25, 2026 11:45:26 AM PT",WBD,3.472,3.573,0,LET RUN,NO ACTION
20260925_121421,"Sep 25, 2026 12:14:21 PM PT",AAPL,2.277,3.293,0,LET RUN,NO ACTION
20260925_121421,"Sep 25, 2026 12:14:21 PM PT",INTC,2.635,6.253,3,WATCH CLOSELY,NO ACTION
20260925_121421,"Sep 25, 2026 12:14:21 PM PT",PLTR,12.312,13.795,0,LET RUN,NO ACTION
20260925_121421,"Sep 25, 2026 12:14:21 PM PT",WBD,3.472,3.573,0,LET RUN,NO ACTION
20260925_123022,"Sep 25, 2026 12:30:22 PM PT",AAPL,2.14,3.293,0,LET RUN,NO ACTION
20260925_123022,"Sep 25, 2026 12:30:22 PM PT",INTC,2.15,6.253,3,WATCH CLOSELY,NO ACTION
20260925_123022,"Sep 25, 2026 12:30:22 PM PT",PLTR,12.001,13.795,0,LET RUN,NO ACTION
20260925_123022,"Sep 25, 2026 12:30:22 PM PT",WBD,3.472,3.573,0,LET RUN,NO ACTION
20260925_125426,"Sep 25, 2026 12:54:26 PM PT",AAPL,2.478,3.293,0,LET RUN,NO ACTION
20260925_125426,"Sep 25, 2026 12:54:26 PM PT",INTC,1.558,6.253,3,PROTECT PROFIT,NO ACTION
20260925_125426,"Sep 25, 2026 12:54:26 PM PT",PLTR,11.645,13.795,0,LET RUN,NO ACTION
20260925_125426,"Sep 25, 2026 12:54:26 PM PT",WBD,3.489,3.573,0,LET RUN,NO ACTION
20260925_131519,"Sep 25, 2026 01:15:19 PM PT",AAPL,2.4330000000000003,3.293,0,LET RUN,NO ACTION
20260925_131519,"Sep 25, 2026 01:15:19 PM PT",INTC,1.106,6.253,3,PROTECT PROFIT,NO ACTION
20260925_131519,"Sep 25, 2026 01:15:19 PM PT",PLTR,11.366,13.795,0,LET RUN,NO ACTION
20260925_131519,"Sep 25, 2026 01:15:19 PM PT",WBD,3.494,3.573,0,LET RUN,NO ACTION
20260925_134400,"Sep 25, 2026 01:44:00 PM PT",AAPL,2.46,3.293,0,LET RUN,NO ACTION
20260925_134400,"Sep 25, 2026 01:44:00 PM PT",INTC,1.093,6.253,3,PROTECT PROFIT,NO ACTION
20260925_134400,"Sep 25, 2026 01:44:00 PM PT",PLTR,11.349,13.795,0,LET RUN,NO ACTION
20260925_134400,"Sep 25, 2026 01:44:00 PM PT",WBD,3.489,3.573,0,LET RUN,NO ACTION
20260925_135722,"Sep 25, 2026 01:57:22 PM PT",AAPL,2.505,3.293,0,LET RUN,NO ACTION
20260925_135722,"Sep 25, 2026 01:57:22 PM PT",INTC,1.106,6.253,3,PROTECT PROFIT,NO ACTION
20260925_135722,"Sep 25, 2026 01:57:22 PM PT",PLTR,11.443,13.795,0,LET RUN,NO ACTION
20260925_135722,"Sep 25, 2026 01:57:22 PM PT",WBD,3.522,3.573,0,LET RUN,NO ACTION
20260925_141830,"Sep 25, 2026 02:18:30 PM PT",AAPL,2.481,3.293,0,LET RUN,NO ACTION
20260925_141830,"Sep 25, 2026 02:18:30 PM PT",INTC,1.106,6.253,3,PROTECT PROFIT,NO ACTION
20260925_141830,"Sep 25, 2026 02:18:30 PM PT",PLTR,11.417,13.795,0,LET RUN,NO ACTION
20260925_141830,"Sep 25, 2026 02:18:30 PM PT",WBD,3.589,3.589,0,LET RUN,NO ACTION
20260925_144358,"Sep 25, 2026 02:43:58 PM PT",AAPL,2.49,3.293,0,LET RUN,NO ACTION
20260925_144358,"Sep 25, 2026 02:43:58 PM PT",INTC,1.369,6.253,3,PROTECT PROFIT,NO ACTION
20260925_144358,"Sep 25, 2026 02:43:58 PM PT",PLTR,11.495,13.795,0,LET RUN,NO ACTION
20260925_144358,"Sep 25, 2026 02:43:58 PM PT",WBD,3.576,3.589,0,LET RUN,NO ACTION
20260925_145748,"Sep 25, 2026 02:57:48 PM PT",AAPL,2.505,3.293,0,LET RUN,NO ACTION
20260925_145748,"Sep 25, 2026 02:57:48 PM PT",INTC,1.32,6.253,3,PROTECT PROFIT,NO ACTION
20260925_145748,"Sep 25, 2026 02:57:48 PM PT",PLTR,11.443,13.795,0,LET RUN,NO ACTION
20260925_145748,"Sep 25, 2026 02:57:48 PM PT",WBD,3.576,3.589,0,LET RUN,NO ACTION
20260928_061851,"Sep 28, 2026 06:18:51 AM PT",AAPL,2.196,3.293,0,LET RUN,NO ACTION
20260928_061851,"Sep 28, 2026 06:18:51 AM PT",INTC,-0.795,6.253,6,PROTECT PROFIT,NO ACTION
20260928_061851,"Sep 28, 2026 06:18:51 AM PT",PLTR,9.528,13.795,6,PROTECT PROFIT,NO ACTION
20260928_061851,"Sep 28, 2026 06:18:51 AM PT",WBD,3.489,3.589,0,LET RUN,NO ACTION
20260928_064846,"Sep 28, 2026 06:48:46 AM PT",AAPL,2.809,3.293,0,LET RUN,NO ACTION
20260928_064846,"Sep 28, 2026 06:48:46 AM PT",INTC,-3.423,6.253,7,PROTECT PROFIT,NO ACTION
20260928_064846,"Sep 28, 2026 06:48:46 AM PT",PLTR,10.638,13.795,1,PROTECT PROFIT,NO ACTION
20260928_064846,"Sep 28, 2026 06:48:46 AM PT",WBD,3.515,3.589,0,LET RUN,NO ACTION
20260928_072004,"Sep 28, 2026 07:20:04 AM PT",AAPL,2.71,3.293,0,LET RUN,NO ACTION
20260928_072004,"Sep 28, 2026 07:20:04 AM PT",INTC,-3.58,6.253,7,PROTECT PROFIT,NO ACTION
20260928_072004,"Sep 28, 2026 07:20:04 AM PT",PLTR,10.362,13.795,1,PROTECT PROFIT,NO ACTION
20260928_072004,"Sep 28, 2026 07:20:04 AM PT",WBD,3.472,3.589,0,LET RUN,NO ACTION
20260928_074914,"Sep 28, 2026 07:49:14 AM PT",AAPL,2.086,3.293,1,LET RUN,NO ACTION
20260928_074914,"Sep 28, 2026 07:49:14 AM PT",INTC,-4.815,6.253,7,PROTECT PROFIT,NO ACTION
20260928_074914,"Sep 28, 2026 07:49:14 AM PT",PLTR,9.663,13.795,4,PROTECT PROFIT,NO ACTION
20260928_074914,"Sep 28, 2026 07:49:14 AM PT",WBD,3.506,3.589,0,LET RUN,NO ACTION
20260928_081940,"Sep 28, 2026 08:19:40 AM PT",AAPL,2.361,3.293,0,LET RUN,NO ACTION
20260928_081940,"Sep 28, 2026 08:19:40 AM PT",INTC,-5.279,6.253,7,PROTECT PROFIT,NO ACTION
20260928_081940,"Sep 28, 2026 08:19:40 AM PT",PLTR,10.632,13.795,0,PROTECT PROFIT,NO ACTION
20260928_081940,"Sep 28, 2026 08:19:40 AM PT",WBD,3.506,3.589,0,LET RUN,NO ACTION
20260928_084746,"Sep 28, 2026 08:47:46 AM PT",AAPL,2.581,3.293,0,LET RUN,NO ACTION
20260928_084746,"Sep 28, 2026 08:47:46 AM PT",INTC,-5.479,6.253,7,PROTECT PROFIT,NO ACTION
20260928_084746,"Sep 28, 2026 08:47:46 AM PT",PLTR,10.606,13.795,0,PROTECT PROFIT,NO ACTION
20260928_084746,"Sep 28, 2026 08:47:46 AM PT",WBD,3.522,3.589,0,LET RUN,NO ACTION
20260928_092019,"Sep 28, 2026 09:20:19 AM PT",AAPL,2.49,3.293,0,LET RUN,NO ACTION
20260928_092019,"Sep 28, 2026 09:20:19 AM PT",INTC,-5.085,6.253,7,PROTECT PROFIT,NO ACTION
20260928_092019,"Sep 28, 2026 09:20:19 AM PT",PLTR,10.832,13.795,0,PROTECT PROFIT,NO ACTION
20260928_092019,"Sep 28, 2026 09:20:19 AM PT",WBD,3.539,3.589,0,LET RUN,NO ACTION
20260928_094702,"Sep 28, 2026 09:47:02 AM PT",AAPL,2.308,3.293,0,LET RUN,NO ACTION
20260928_094702,"Sep 28, 2026 09:47:02 AM PT",INTC,-4.419,6.253,7,PROTECT PROFIT,NO ACTION
20260928_094702,"Sep 28, 2026 09:47:02 AM PT",PLTR,10.711,13.795,0,PROTECT PROFIT,NO ACTION
20260928_094702,"Sep 28, 2026 09:47:02 AM PT",WBD,3.539,3.589,0,LET RUN,NO ACTION
20260928_101656,"Sep 28, 2026 10:16:56 AM PT",AAPL,2.298,3.293,0,LET RUN,NO ACTION
20260928_101656,"Sep 28, 2026 10:16:56 AM PT",INTC,-4.674,6.253,7,PROTECT PROFIT,NO ACTION
20260928_101656,"Sep 28, 2026 10:16:56 AM PT",PLTR,11.631,13.795,0,LET RUN,NO ACTION
20260928_101656,"Sep 28, 2026 10:16:56 AM PT",WBD,3.522,3.589,0,LET RUN,NO ACTION
20260928_104514,"Sep 28, 2026 10:45:14 AM PT",AAPL,2.121,3.293,1,LET RUN,NO ACTION
20260928_104514,"Sep 28, 2026 10:45:14 AM PT",INTC,-4.772,6.253,7,PROTECT PROFIT,NO ACTION
20260928_104514,"Sep 28, 2026 10:45:14 AM PT",PLTR,11.208,13.795,0,LET RUN,NO ACTION
20260928_104514,"Sep 28, 2026 10:45:14 AM PT",WBD,3.506,3.589,0,LET RUN,NO ACTION
20260928_110000,"Sep 28, 2026 11:00:00 AM PT",AAPL,1.995,3.293,1,LET RUN,NO ACTION
20260928_110000,"Sep 28, 2026 11:00:00 AM PT",INTC,-5.146,6.253,7,PROTECT PROFIT,NO ACTION
20260928_110000,"Sep 28, 2026 11:00:00 AM PT",PLTR,10.659,13.795,0,PROTECT PROFIT,NO ACTION
20260928_110000,"Sep 28, 2026 11:00:00 AM PT",WBD,3.522,3.589,0,LET RUN,NO ACTION
20260928_112513,"Sep 28, 2026 11:25:13 AM PT",AAPL,2.106,3.293,1,LET RUN,NO ACTION
20260928_112513,"Sep 28, 2026 11:25:13 AM PT",INTC,-5.405,6.253,7,PROTECT PROFIT,NO ACTION
20260928_112513,"Sep 28, 2026 11:25:13 AM PT",PLTR,10.503,13.795,1,PROTECT PROFIT,NO ACTION
20260928_112513,"Sep 28, 2026 11:25:13 AM PT",WBD,3.539,3.589,0,LET RUN,NO ACTION
20260928_114925,"Sep 28, 2026 11:49:25 AM PT",AAPL,2.128,3.293,1,LET RUN,NO ACTION
20260928_114925,"Sep 28, 2026 11:49:25 AM PT",INTC,-5.097,6.253,7,PROTECT PROFIT,NO ACTION
20260928_114925,"Sep 28, 2026 11:49:25 AM PT",PLTR,10.664,13.795,0,PROTECT PROFIT,NO ACTION
20260928_114925,"Sep 28, 2026 11:49:25 AM PT",WBD,3.506,3.589,0,LET RUN,NO ACTION
20260928_121627,"Sep 28, 2026 12:16:27 PM PT",AAPL,1.78,3.293,1,LET RUN,NO ACTION
20260928_121627,"Sep 28, 2026 12:16:27 PM PT",INTC,-4.827,6.253,7,PROTECT PROFIT,NO ACTION
20260928_121627,"Sep 28, 2026 12:16:27 PM PT",PLTR,10.356,13.795,1,PROTECT PROFIT,NO ACTION
20260928_121627,"Sep 28, 2026 12:16:27 PM PT",WBD,3.539,3.589,0,LET RUN,NO ACTION
20260928_124529,"Sep 28, 2026 12:45:29 PM PT",AAPL,1.703,3.293,1,LET RUN,NO ACTION
20260928_124529,"Sep 28, 2026 12:45:29 PM PT",INTC,-4.813,6.253,7,PROTECT PROFIT,NO ACTION
20260928_124529,"Sep 28, 2026 12:45:29 PM PT",PLTR,10.233,13.795,1,PROTECT PROFIT,NO ACTION
20260928_124529,"Sep 28, 2026 12:45:29 PM PT",WBD,3.589,3.589,0,LET RUN,NO ACTION
20260928_131559,"Sep 28, 2026 01:15:59 PM PT",AAPL,1.664,3.293,1,LET RUN,NO ACTION
20260928_131559,"Sep 28, 2026 01:15:59 PM PT",INTC,-4.654,6.253,7,PROTECT PROFIT,NO ACTION
20260928_131559,"Sep 28, 2026 01:15:59 PM PT",PLTR,10.174,13.795,1,PROTECT PROFIT,NO ACTION
20260928_131559,"Sep 28, 2026 01:15:59 PM PT",WBD,3.589,3.589,0,LET RUN,NO ACTION
20260928_134551,"Sep 28, 2026 01:45:51 PM PT",AAPL,1.652,3.293,1,LET RUN,NO ACTION
20260928_134551,"Sep 28, 2026 01:45:51 PM PT",INTC,-4.723,6.253,7,PROTECT PROFIT,NO ACTION
20260928_134551,"Sep 28, 2026 01:45:51 PM PT",PLTR,10.264,13.795,1,PROTECT PROFIT,NO ACTION
20260928_134551,"Sep 28, 2026 01:45:51 PM PT",WBD,3.566,3.589,0,LET RUN,NO ACTION
20260928_141706,"Sep 28, 2026 02:17:06 PM PT",AAPL,1.664,3.293,1,LET RUN,NO ACTION
20260928_141706,"Sep 28, 2026 02:17:06 PM PT",INTC,-4.748,6.253,7,PROTECT PROFIT,NO ACTION
20260928_141706,"Sep 28, 2026 02:17:06 PM PT",PLTR,10.277,13.795,1,PROTECT PROFIT,NO ACTION
20260928_141706,"Sep 28, 2026 02:17:06 PM PT",WBD,3.623,3.623,0,LET RUN,NO ACTION
20260928_144330,"Sep 28, 2026 02:43:30 PM PT",AAPL,1.662,3.293,1,LET RUN,NO ACTION
20260928_144330,"Sep 28, 2026 02:43:30 PM PT",INTC,-4.723,6.253,7,PROTECT PROFIT,NO ACTION
20260928_144330,"Sep 28, 2026 02:43:30 PM PT",PLTR,10.321,13.795,1,PROTECT PROFIT,NO ACTION
20260928_144330,"Sep 28, 2026 02:43:30 PM PT",WBD,3.566,3.623,0,LET RUN,NO ACTION
20260928_145806,"Sep 28, 2026 02:58:06 PM PT",AAPL,1.709,3.293,1,LET RUN,NO ACTION
20260928_145806,"Sep 28, 2026 02:58:06 PM PT",INTC,-4.789000000000001,6.253,7,PROTECT PROFIT,NO ACTION
20260928_145806,"Sep 28, 2026 02:58:06 PM PT",PLTR,10.35,13.795,1,PROTECT PROFIT,NO ACTION
20260928_145806,"Sep 28, 2026 02:58:06 PM PT",WBD,3.623,3.623,0,LET RUN,NO ACTION
20260929_062101,"Sep 29, 2026 06:21:01 AM PT",AAPL,1.231,3.293,1,PROTECT PROFIT,NO ACTION
20260929_062101,"Sep 29, 2026 06:21:01 AM PT",INTC,-3.934,6.253,7,PROTECT PROFIT,NO ACTION
20260929_062101,"Sep 29, 2026 06:21:01 AM PT",PLTR,10.116,13.795,1,PROTECT PROFIT,NO ACTION
20260929_062101,"Sep 29, 2026 06:21:01 AM PT",WBD,3.556,3.623,0,LET RUN,NO ACTION
20260929_064832,"Sep 29, 2026 06:48:32 AM PT",AAPL,0.078,3.293,6,PROTECT PROFIT,NO ACTION
20260929_064832,"Sep 29, 2026 06:48:32 AM PT",INTC,-4.752,6.253,7,PROTECT PROFIT,NO ACTION
20260929_064832,"Sep 29, 2026 06:48:32 AM PT",PLTR,8.917,13.795,10,EXIT WARNING,NO ACTION
20260929_064832,"Sep 29, 2026 06:48:32 AM PT",WBD,3.506,3.623,0,LET RUN,NO ACTION
20260929_071846,"Sep 29, 2026 07:18:46 AM PT",AAPL,0.022,3.293,6,PROTECT PROFIT,NO ACTION
20260929_071846,"Sep 29, 2026 07:18:46 AM PT",INTC,-3.794,6.253,7,PROTECT PROFIT,NO ACTION
20260929_071846,"Sep 29, 2026 07:18:46 AM PT",PLTR,10.139,13.795,1,PROTECT PROFIT,NO ACTION
20260929_071846,"Sep 29, 2026 07:18:46 AM PT",WBD,3.522,3.623,0,LET RUN,NO ACTION
20260929_074815,"Sep 29, 2026 07:48:15 AM PT",AAPL,-0.22,3.293,6,PROTECT PROFIT,NO ACTION
20260929_074815,"Sep 29, 2026 07:48:15 AM PT",INTC,-3.086,6.253,7,PROTECT PROFIT,NO ACTION
20260929_074815,"Sep 29, 2026 07:48:15 AM PT",PLTR,9.331,13.795,7,PROTECT PROFIT,NO ACTION
20260929_074815,"Sep 29, 2026 07:48:15 AM PT",WBD,3.506,3.623,0,LET RUN,NO ACTION
20260929_081944,"Sep 29, 2026 08:19:44 AM PT",AAPL,-0.291,3.293,6,PROTECT PROFIT,NO ACTION
20260929_081944,"Sep 29, 2026 08:19:44 AM PT",INTC,-3.2099999999999995,6.253,7,PROTECT PROFIT,NO ACTION
20260929_081944,"Sep 29, 2026 08:19:44 AM PT",PLTR,9.387,13.795,7,PROTECT PROFIT,NO ACTION
20260929_081944,"Sep 29, 2026 08:19:44 AM PT",WBD,3.506,3.623,0,LET RUN,NO ACTION
20260929_084804,"Sep 29, 2026 08:48:04 AM PT",AAPL,-0.2239999999999999,3.293,6,PROTECT PROFIT,NO ACTION
20260929_084804,"Sep 29, 2026 08:48:04 AM PT",INTC,-4.159,6.253,7,PROTECT PROFIT,NO ACTION
20260929_084804,"Sep 29, 2026 08:48:04 AM PT",PLTR,9.299,13.795,7,PROTECT PROFIT,NO ACTION
20260929_084804,"Sep 29, 2026 08:48:04 AM PT",WBD,3.522,3.623,0,LET RUN,NO ACTION
20260929_092004,"Sep 29, 2026 09:20:04 AM PT",AAPL,-0.615,3.293,8,PROTECT PROFIT,NO ACTION
20260929_092004,"Sep 29, 2026 09:20:04 AM PT",INTC,-4.106,6.253,7,PROTECT PROFIT,NO ACTION
20260929_092004,"Sep 29, 2026 09:20:04 AM PT",PLTR,9.265,13.795,7,PROTECT PROFIT,NO ACTION
20260929_092004,"Sep 29, 2026 09:20:04 AM PT",WBD,3.556,3.623,0,LET RUN,NO ACTION
20260929_094834,"Sep 29, 2026 09:48:34 AM PT",AAPL,-0.475,3.293,6,PROTECT PROFIT,NO ACTION
20260929_094834,"Sep 29, 2026 09:48:34 AM PT",INTC,-4.492999999999999,6.253,7,PROTECT PROFIT,NO ACTION
20260929_094834,"Sep 29, 2026 09:48:34 AM PT",PLTR,9.246,13.795,7,PROTECT PROFIT,NO ACTION
20260929_094834,"Sep 29, 2026 09:48:34 AM PT",WBD,3.506,3.623,0,LET RUN,NO ACTION
20260929_101554,"Sep 29, 2026 10:15:54 AM PT",AAPL,-0.446,3.293,6,PROTECT PROFIT,NO ACTION
20260929_101554,"Sep 29, 2026 10:15:54 AM PT",INTC,-4.279,6.253,7,PROTECT PROFIT,NO ACTION
20260929_101554,"Sep 29, 2026 10:15:54 AM PT",PLTR,8.955,13.795,10,EXIT WARNING,NO ACTION
20260929_101554,"Sep 29, 2026 10:15:54 AM PT",WBD,3.506,3.623,0,LET RUN,NO ACTION
20260929_104608,"Sep 29, 2026 10:46:08 AM PT",AAPL,-0.19,3.293,6,PROTECT PROFIT,NO ACTION
20260929_104608,"Sep 29, 2026 10:46:08 AM PT",INTC,-4.188,6.253,7,PROTECT PROFIT,NO ACTION
20260929_104608,"Sep 29, 2026 10:46:08 AM PT",PLTR,8.994,13.795,7,PROTECT PROFIT,NO ACTION
20260929_104608,"Sep 29, 2026 10:46:08 AM PT",WBD,3.489,3.623,0,LET RUN,NO ACTION
20260929_112050,"Sep 29, 2026 11:20:50 AM PT",AAPL,-0.394,3.293,6,PROTECT PROFIT,NO ACTION
20260929_112050,"Sep 29, 2026 11:20:50 AM PT",INTC,-4.304,6.253,7,PROTECT PROFIT,NO ACTION
20260929_112050,"Sep 29, 2026 11:20:50 AM PT",PLTR,8.976,13.795,7,PROTECT PROFIT,NO ACTION
20260929_112050,"Sep 29, 2026 11:20:50 AM PT",WBD,3.488,3.623,0,LET RUN,NO ACTION
20260929_114925,"Sep 29, 2026 11:49:25 AM PT",AAPL,-0.457,3.293,8,PROTECT PROFIT,NO ACTION
20260929_114925,"Sep 29, 2026 11:49:25 AM PT",INTC,-4.263999999999999,6.253,7,PROTECT PROFIT,NO ACTION
20260929_114925,"Sep 29, 2026 11:49:25 AM PT",PLTR,9.293,13.795,7,PROTECT PROFIT,NO ACTION
20260929_114925,"Sep 29, 2026 11:49:25 AM PT",WBD,3.472,3.623,0,LET RUN,NO ACTION
20260929_121752,"Sep 29, 2026 12:17:52 PM PT",AAPL,-0.656,3.293,8,PROTECT PROFIT,NO ACTION
20260929_121752,"Sep 29, 2026 12:17:52 PM PT",INTC,-4.55,6.253,7,PROTECT PROFIT,NO ACTION
20260929_121752,"Sep 29, 2026 12:17:52 PM PT",PLTR,9.214,13.795,7,PROTECT PROFIT,NO ACTION
20260929_121752,"Sep 29, 2026 12:17:52 PM PT",WBD,3.472,3.623,0,LET RUN,NO ACTION
20260929_124503,"Sep 29, 2026 12:45:03 PM PT",AAPL,-1.022,3.293,8,PROTECT PROFIT,NO ACTION
20260929_124503,"Sep 29, 2026 12:45:03 PM PT",INTC,-4.78,6.253,7,PROTECT PROFIT,NO ACTION
20260929_124503,"Sep 29, 2026 12:45:03 PM PT",PLTR,9.173,13.795,7,PROTECT PROFIT,NO ACTION
20260929_124503,"Sep 29, 2026 12:45:03 PM PT",WBD,3.472,3.623,0,LET RUN,NO ACTION
20260929_130030,"Sep 29, 2026 01:00:30 PM PT",AAPL,-1.085,3.293,8,PROTECT PROFIT,NO ACTION
20260929_130030,"Sep 29, 2026 01:00:30 PM PT",INTC,-4.728000000000001,6.253,7,PROTECT PROFIT,NO ACTION
20260929_130030,"Sep 29, 2026 01:00:30 PM PT",PLTR,9.81,13.795,1,PROTECT PROFIT,NO ACTION
20260929_130030,"Sep 29, 2026 01:00:30 PM PT",WBD,3.489,3.623,0,LET RUN,NO ACTION
20260929_133236,"Sep 29, 2026 01:32:36 PM PT",AAPL,-0.917,3.293,8,PROTECT PROFIT,NO ACTION
20260929_133236,"Sep 29, 2026 01:32:36 PM PT",INTC,-4.715,6.253,7,PROTECT PROFIT,NO ACTION
20260929_133236,"Sep 29, 2026 01:32:36 PM PT",PLTR,9.816,13.795,1,PROTECT PROFIT,NO ACTION
20260929_133236,"Sep 29, 2026 01:32:36 PM PT",WBD,3.466,3.623,0,LET RUN,NO ACTION
20260929_135614,"Sep 29, 2026 01:56:14 PM PT",AAPL,-0.905,3.293,8,PROTECT PROFIT,NO ACTION
20260929_135614,"Sep 29, 2026 01:56:14 PM PT",INTC,-4.657,6.253,7,PROTECT PROFIT,NO ACTION
20260929_135614,"Sep 29, 2026 01:56:14 PM PT",PLTR,9.769,13.795,1,PROTECT PROFIT,NO ACTION
20260929_135614,"Sep 29, 2026 01:56:14 PM PT",WBD,3.489,3.623,0,LET RUN,NO ACTION
20260929_141819,"Sep 29, 2026 02:18:19 PM PT",AAPL,-0.8750000000000001,3.293,8,PROTECT PROFIT,NO ACTION
20260929_141819,"Sep 29, 2026 02:18:19 PM PT",INTC,-4.583,6.253,7,PROTECT PROFIT,NO ACTION
20260929_141819,"Sep 29, 2026 02:18:19 PM PT",PLTR,9.669,13.795,4,PROTECT PROFIT,NO ACTION
20260929_141819,"Sep 29, 2026 02:18:19 PM PT",WBD,3.489,3.623,0,LET RUN,NO ACTION
20260929_144433,"Sep 29, 2026 02:44:33 PM PT",AAPL,-0.8659999999999999,3.293,8,PROTECT PROFIT,NO ACTION
20260929_144433,"Sep 29, 2026 02:44:33 PM PT",INTC,-4.427,6.253,7,PROTECT PROFIT,NO ACTION
20260929_144433,"Sep 29, 2026 02:44:33 PM PT",PLTR,9.775,13.795,1,PROTECT PROFIT,NO ACTION
20260929_144433,"Sep 29, 2026 02:44:33 PM PT",WBD,3.489,3.623,0,LET RUN,NO ACTION
20260929_145901,"Sep 29, 2026 02:59:01 PM PT",AAPL,-0.856,3.293,8,PROTECT PROFIT,NO ACTION
20260929_145901,"Sep 29, 2026 02:59:01 PM PT",INTC,-4.5920000000000005,6.253,7,PROTECT PROFIT,NO ACTION
20260929_145901,"Sep 29, 2026 02:59:01 PM PT",PLTR,9.775,13.795,1,PROTECT PROFIT,NO ACTION
20260929_145901,"Sep 29, 2026 02:59:01 PM PT",WBD,3.462,3.623,0,LET RUN,NO ACTION
20260929_160159,"Sep 29, 2026 04:01:59 PM PT",AAPL,-0.8250000000000001,3.293,8,PROTECT PROFIT,NO ACTION
20260929_160159,"Sep 29, 2026 04:01:59 PM PT",INTC,-4.401999999999999,6.253,7,PROTECT PROFIT,NO ACTION
20260929_160159,"Sep 29, 2026 04:01:59 PM PT",PLTR,10.004,13.795,1,PROTECT PROFIT,NO ACTION
20260929_160159,"Sep 29, 2026 04:01:59 PM PT",WBD,3.4840000000000004,3.623,0,LET RUN,NO ACTION
20260929_160342,"Sep 29, 2026 04:03:42 PM PT",AAPL,-0.8330000000000001,3.293,8,PROTECT PROFIT,NO ACTION
20260929_160342,"Sep 29, 2026 04:03:42 PM PT",INTC,-4.401999999999999,6.253,7,PROTECT PROFIT,NO ACTION
20260929_160342,"Sep 29, 2026 04:03:42 PM PT",PLTR,9.833,13.795,1,PROTECT PROFIT,NO ACTION
20260929_160342,"Sep 29, 2026 04:03:42 PM PT",WBD,3.4840000000000004,3.623,0,LET RUN,NO ACTION
20260929_161020,"Sep 29, 2026 04:10:20 PM PT",AAPL,-0.835,3.293,8,PROTECT PROFIT,NO ACTION
20260929_161020,"Sep 29, 2026 04:10:20 PM PT",INTC,-4.271,6.253,7,PROTECT PROFIT,NO ACTION
20260929_161020,"Sep 29, 2026 04:10:20 PM PT",PLTR,9.833,13.795,1,PROTECT PROFIT,NO ACTION
20260929_161020,"Sep 29, 2026 04:10:20 PM PT",WBD,3.4840000000000004,3.623,0,LET RUN,NO ACTION
20260929_162447,"Sep 29, 2026 04:24:47 PM PT",AAPL,-0.8330000000000001,3.293,8,PROTECT PROFIT,NO ACTION
20260929_162447,"Sep 29, 2026 04:24:47 PM PT",INTC,-4.139,6.253,7,PROTECT PROFIT,NO ACTION
20260929_162447,"Sep 29, 2026 04:24:47 PM PT",PLTR,10.045,13.795,1,PROTECT PROFIT,NO ACTION
20260929_162447,"Sep 29, 2026 04:24:47 PM PT",WBD,3.4840000000000004,3.623,0,LET RUN,NO ACTION
20260929_163752,"Sep 29, 2026 04:37:52 PM PT",AAPL,-0.8089999999999999,3.293,8,PROTECT PROFIT,NO ACTION
20260929_163752,"Sep 29, 2026 04:37:52 PM PT",INTC,-4.109,6.253,7,PROTECT PROFIT,NO ACTION
20260929_163752,"Sep 29, 2026 04:37:52 PM PT",PLTR,10.004,13.795,1,PROTECT PROFIT,NO ACTION
20260929_163752,"Sep 29, 2026 04:37:52 PM PT",WBD,3.4840000000000004,3.623,0,LET RUN,NO ACTION
20260929_165139,"Sep 29, 2026 04:51:39 PM PT",AAPL,-0.752,3.293,8,PROTECT PROFIT,NO ACTION
20260929_165139,"Sep 29, 2026 04:51:39 PM PT",INTC,-4.025,6.253,7,PROTECT PROFIT,NO ACTION
20260929_165139,"Sep 29, 2026 04:51:39 PM PT",PLTR,10.033,13.795,1,PROTECT PROFIT,NO ACTION
20260929_165139,"Sep 29, 2026 04:51:39 PM PT",WBD,3.488,3.623,0,LET RUN,NO ACTION
20260929_223151,"Sep 29, 2026 10:31:51 PM PT",AAPL,-0.8750000000000001,3.293,8,PROTECT PROFIT,NO ACTION
20260929_223151,"Sep 29, 2026 10:31:51 PM PT",INTC,-4.649,6.253,7,PROTECT PROFIT,NO ACTION
20260929_223151,"Sep 29, 2026 10:31:51 PM PT",PLTR,9.992,13.795,1,PROTECT PROFIT,NO ACTION
20260929_223151,"Sep 29, 2026 10:31:51 PM PT",WBD,3.488,3.623,0,LET RUN,NO ACTION
20260930_061204,"Sep 30, 2026 06:12:04 AM PT",AAPL,-0.629,3.293,8,PROTECT PROFIT,NO ACTION
20260930_061204,"Sep 30, 2026 06:12:04 AM PT",INTC,-3.564,6.253,7,PROTECT PROFIT,NO ACTION
20260930_061204,"Sep 30, 2026 06:12:04 AM PT",PLTR,10.297,13.795,1,PROTECT PROFIT,NO ACTION
20260930_061204,"Sep 30, 2026 06:12:04 AM PT",WBD,3.589,3.623,0,LET RUN,NO ACTION
20260930_063145,"Sep 30, 2026 06:31:45 AM PT",AAPL,-0.163,3.293,6,PROTECT PROFIT,NO ACTION
20260930_063145,"Sep 30, 2026 06:31:45 AM PT",INTC,-1.714,6.253,7,PROTECT PROFIT,NO ACTION
20260930_063145,"Sep 30, 2026 06:31:45 AM PT",PLTR,10.744,13.795,1,PROTECT PROFIT,NO ACTION
20260930_063145,"Sep 30, 2026 06:31:45 AM PT",WBD,3.472,3.623,0,LET RUN,NO ACTION
20260930_065616,"Sep 30, 2026 06:56:16 AM PT",AAPL,0.549,3.293,6,PROTECT PROFIT,NO ACTION
20260930_065616,"Sep 30, 2026 06:56:16 AM PT",INTC,-2.996,6.253,7,PROTECT PROFIT,NO ACTION
20260930_065616,"Sep 30, 2026 06:56:16 AM PT",PLTR,11.528,13.795,0,LET RUN,NO ACTION
20260930_065616,"Sep 30, 2026 06:56:16 AM PT",WBD,3.438,3.623,0,LET RUN,NO ACTION
20260930_071414,"Sep 30, 2026 07:14:14 AM PT",AAPL,1.421,3.293,3,PROTECT PROFIT,NO ACTION
20260930_071414,"Sep 30, 2026 07:14:14 AM PT",INTC,-2.877,6.253,7,PROTECT PROFIT,NO ACTION
20260930_071414,"Sep 30, 2026 07:14:14 AM PT",PLTR,10.776,13.795,1,PROTECT PROFIT,NO ACTION
20260930_071414,"Sep 30, 2026 07:14:14 AM PT",WBD,3.405,3.623,0,LET RUN,NO ACTION
20260930_073540,"Sep 30, 2026 07:35:40 AM PT",AAPL,1.553,3.293,3,WATCH CLOSELY,NO ACTION
20260930_073540,"Sep 30, 2026 07:35:40 AM PT",INTC,-2.62,6.253,7,PROTECT PROFIT,NO ACTION
20260930_073540,"Sep 30, 2026 07:35:40 AM PT",PLTR,11.134,13.795,1,LET RUN,NO ACTION
20260930_073540,"Sep 30, 2026 07:35:40 AM PT",WBD,3.345,3.623,0,LET RUN,NO ACTION
20260930_075910,"Sep 30, 2026 07:59:10 AM PT",AAPL,1.712,3.293,3,WATCH CLOSELY,NO ACTION
20260930_075910,"Sep 30, 2026 07:59:10 AM PT",INTC,-2.224,6.253,7,PROTECT PROFIT,NO ACTION
20260930_075910,"Sep 30, 2026 07:59:10 AM PT",PLTR,11.448,13.795,0,LET RUN,NO ACTION
20260930_075910,"Sep 30, 2026 07:59:10 AM PT",WBD,3.338,3.623,0,LET RUN,NO ACTION
20260930_082053,"Sep 30, 2026 08:20:53 AM PT",AAPL,1.337,3.293,3,PROTECT PROFIT,NO ACTION
20260930_082053,"Sep 30, 2026 08:20:53 AM PT",INTC,-2.7,6.253,7,PROTECT PROFIT,NO ACTION
20260930_082053,"Sep 30, 2026 08:20:53 AM PT",PLTR,11.86,13.795,0,LET RUN,NO ACTION
20260930_082053,"Sep 30, 2026 08:20:53 AM PT",WBD,3.4160000000000004,3.623,0,LET RUN,NO ACTION
20260930_084343,"Sep 30, 2026 08:43:43 AM PT",AAPL,1.433,3.293,3,PROTECT PROFIT,NO ACTION
20260930_084343,"Sep 30, 2026 08:43:43 AM PT",INTC,-2.413,6.253,7,PROTECT PROFIT,NO ACTION
20260930_084343,"Sep 30, 2026 08:43:43 AM PT",PLTR,11.707,13.795,0,LET RUN,NO ACTION
20260930_084343,"Sep 30, 2026 08:43:43 AM PT",WBD,3.438,3.623,0,LET RUN,NO ACTION
20260930_085954,"Sep 30, 2026 08:59:54 AM PT",AAPL,1.427,3.293,3,PROTECT PROFIT,NO ACTION
20260930_085954,"Sep 30, 2026 08:59:54 AM PT",INTC,-1.891,6.253,7,PROTECT PROFIT,NO ACTION
20260930_085954,"Sep 30, 2026 08:59:54 AM PT",PLTR,11.531,13.795,0,LET RUN,NO ACTION
20260930_085954,"Sep 30, 2026 08:59:54 AM PT",WBD,3.438,3.623,0,LET RUN,NO ACTION
20260930_092155,"Sep 30, 2026 09:21:55 AM PT",AAPL,1.171,3.293,3,PROTECT PROFIT,NO ACTION
20260930_092155,"Sep 30, 2026 09:21:55 AM PT",INTC,-2.088,6.253,7,PROTECT PROFIT,NO ACTION
20260930_092155,"Sep 30, 2026 09:21:55 AM PT",PLTR,11.601,13.795,0,LET RUN,NO ACTION
20260930_092155,"Sep 30, 2026 09:21:55 AM PT",WBD,3.422,3.623,0,LET RUN,NO ACTION
20260930_093439,"Sep 30, 2026 09:34:39 AM PT",AAPL,1.141,3.293,3,PROTECT PROFIT,NO ACTION
20260930_093439,"Sep 30, 2026 09:34:39 AM PT",INTC,-2.355,6.253,7,PROTECT PROFIT,NO ACTION
20260930_093439,"Sep 30, 2026 09:34:39 AM PT",PLTR,11.554,13.795,0,LET RUN,NO ACTION
20260930_093439,"Sep 30, 2026 09:34:39 AM PT",WBD,3.438,3.623,0,LET RUN,NO ACTION
20260930_094134,"Sep 30, 2026 09:41:34 AM PT",AAPL,1.1820000000000002,3.293,3,PROTECT PROFIT,NO ACTION
20260930_094134,"Sep 30, 2026 09:41:34 AM PT",INTC,-1.66,6.253,7,PROTECT PROFIT,NO ACTION
20260930_094134,"Sep 30, 2026 09:41:34 AM PT",PLTR,11.355,13.795,0,LET RUN,NO ACTION
20260930_094134,"Sep 30, 2026 09:41:34 AM PT",WBD,3.405,3.623,0,LET RUN,NO ACTION
20260930_095554,"Sep 30, 2026 09:55:54 AM PT",AAPL,0.982,3.293,3,PROTECT PROFIT,NO ACTION
20260930_095554,"Sep 30, 2026 09:55:54 AM PT",INTC,-1.829,6.253,7,PROTECT PROFIT,NO ACTION
20260930_095554,"Sep 30, 2026 09:55:54 AM PT",PLTR,11.181,13.795,1,LET RUN,NO ACTION
20260930_095554,"Sep 30, 2026 09:55:54 AM PT",WBD,3.351,3.623,0,LET RUN,NO ACTION
20260930_101019,"Sep 30, 2026 10:10:19 AM PT",AAPL,1.009,3.293,3,PROTECT PROFIT,NO ACTION
20260930_101019,"Sep 30, 2026 10:10:19 AM PT",INTC,-1.7340000000000002,6.253,7,PROTECT PROFIT,NO ACTION
20260930_101019,"Sep 30, 2026 10:10:19 AM PT",PLTR,11.114,13.795,1,LET RUN,NO ACTION
20260930_101019,"Sep 30, 2026 10:10:19 AM PT",WBD,3.371,3.623,0,LET RUN,NO ACTION
20260930_102835,"Sep 30, 2026 10:28:35 AM PT",AAPL,0.8630000000000001,3.293,3,PROTECT PROFIT,NO ACTION
20260930_102835,"Sep 30, 2026 10:28:35 AM PT",INTC,-2.01,6.253,7,PROTECT PROFIT,NO ACTION
20260930_102835,"Sep 30, 2026 10:28:35 AM PT",PLTR,10.35,13.795,1,PROTECT PROFIT,NO ACTION
20260930_102835,"Sep 30, 2026 10:28:35 AM PT",WBD,3.321,3.623,0,LET RUN,NO ACTION
20260930_104409,"Sep 30, 2026 10:44:09 AM PT",AAPL,0.997,3.293,3,PROTECT PROFIT,NO ACTION
20260930_104409,"Sep 30, 2026 10:44:09 AM PT",INTC,-2.01,6.253,7,PROTECT PROFIT,NO ACTION
20260930_104409,"Sep 30, 2026 10:44:09 AM PT",PLTR,10.72,13.795,1,PROTECT PROFIT,NO ACTION
20260930_104409,"Sep 30, 2026 10:44:09 AM PT",WBD,3.338,3.623,0,LET RUN,NO ACTION
20260930_105702,"Sep 30, 2026 10:57:02 AM PT",AAPL,1.174,3.293,3,PROTECT PROFIT,NO ACTION
20260930_105702,"Sep 30, 2026 10:57:02 AM PT",INTC,-1.669,6.253,7,PROTECT PROFIT,NO ACTION
20260930_105702,"Sep 30, 2026 10:57:02 AM PT",PLTR,10.849,13.795,1,PROTECT PROFIT,NO ACTION
20260930_105702,"Sep 30, 2026 10:57:02 AM PT",WBD,3.338,3.623,0,LET RUN,NO ACTION
20260930_111433,"Sep 30, 2026 11:14:33 AM PT",AAPL,1.143,3.293,3,PROTECT PROFIT,NO ACTION
20260930_111433,"Sep 30, 2026 11:14:33 AM PT",INTC,-1.837,6.253,7,PROTECT PROFIT,NO ACTION
20260930_111433,"Sep 30, 2026 11:14:33 AM PT",PLTR,10.503,13.795,1,PROTECT PROFIT,NO ACTION
20260930_111433,"Sep 30, 2026 11:14:33 AM PT",WBD,3.338,3.623,0,LET RUN,NO ACTION
20260930_113512,"Sep 30, 2026 11:35:12 AM PT",AAPL,0.967,3.293,3,PROTECT PROFIT,NO ACTION
20260930_113512,"Sep 30, 2026 11:35:12 AM PT",INTC,-1.911,6.253,7,PROTECT PROFIT,NO ACTION
20260930_113512,"Sep 30, 2026 11:35:12 AM PT",PLTR,10.485,13.795,1,PROTECT PROFIT,NO ACTION
20260930_113512,"Sep 30, 2026 11:35:12 AM PT",WBD,3.304,3.623,0,LET RUN,NO ACTION
20260930_115732,"Sep 30, 2026 11:57:32 AM PT",AAPL,1.054,3.293,3,PROTECT PROFIT,NO ACTION
20260930_115732,"Sep 30, 2026 11:57:32 AM PT",INTC,-2.248,6.253,7,PROTECT PROFIT,NO ACTION
20260930_115732,"Sep 30, 2026 11:57:32 AM PT",PLTR,10.409,13.795,1,PROTECT PROFIT,NO ACTION
20260930_115732,"Sep 30, 2026 11:57:32 AM PT",WBD,3.321,3.623,0,LET RUN,NO ACTION
20260930_121433,"Sep 30, 2026 12:14:33 PM PT",AAPL,0.988,3.293,3,PROTECT PROFIT,NO ACTION
20260930_121433,"Sep 30, 2026 12:14:33 PM PT",INTC,-1.525,6.253,7,PROTECT PROFIT,NO ACTION
20260930_121433,"Sep 30, 2026 12:14:33 PM PT",PLTR,10.438,13.795,1,PROTECT PROFIT,NO ACTION
20260930_121433,"Sep 30, 2026 12:14:33 PM PT",WBD,3.304,3.623,0,LET RUN,NO ACTION
20260930_123127,"Sep 30, 2026 12:31:27 PM PT",AAPL,0.808,3.293,3,PROTECT PROFIT,NO ACTION
20260930_123127,"Sep 30, 2026 12:31:27 PM PT",INTC,-1.463,6.253,7,PROTECT PROFIT,NO ACTION
20260930_123127,"Sep 30, 2026 12:31:27 PM PT",PLTR,10.145,13.795,1,PROTECT PROFIT,NO ACTION
20260930_123127,"Sep 30, 2026 12:31:27 PM PT",WBD,3.707,3.707,0,LET RUN,NO ACTION
20260930_125316,"Sep 30, 2026 12:53:16 PM PT",AAPL,0.509,3.293,6,PROTECT PROFIT,NO ACTION
20260930_125316,"Sep 30, 2026 12:53:16 PM PT",INTC,-1.056,6.253,7,PROTECT PROFIT,NO ACTION
20260930_125316,"Sep 30, 2026 12:53:16 PM PT",PLTR,10.148,13.795,1,PROTECT PROFIT,NO ACTION
20260930_125316,"Sep 30, 2026 12:53:16 PM PT",WBD,3.774000000000001,3.774000000000001,0,LET RUN,NO ACTION
20260930_130939,"Sep 30, 2026 01:09:39 PM PT",AAPL,0.045,3.293,6,PROTECT PROFIT,NO ACTION
20260930_130939,"Sep 30, 2026 01:09:39 PM PT",INTC,-1.492,6.253,7,PROTECT PROFIT,NO ACTION
20260930_130939,"Sep 30, 2026 01:09:39 PM PT",PLTR,9.305,13.795,7,PROTECT PROFIT,NO ACTION
20260930_130939,"Sep 30, 2026 01:09:39 PM PT",WBD,3.791,3.791,0,LET RUN,NO ACTION
20260930_132801,"Sep 30, 2026 01:28:01 PM PT",AAPL,0.252,3.293,6,PROTECT PROFIT,NO ACTION
20260930_132801,"Sep 30, 2026 01:28:01 PM PT",INTC,-1.056,6.253,7,PROTECT PROFIT,NO ACTION
20260930_132801,"Sep 30, 2026 01:28:01 PM PT",PLTR,9.264,13.795,7,PROTECT PROFIT,NO ACTION
20260930_132801,"Sep 30, 2026 01:28:01 PM PT",WBD,3.791,3.791,0,LET RUN,NO ACTION
20260930_134317,"Sep 30, 2026 01:43:17 PM PT",AAPL,0.0569999999999999,3.293,6,PROTECT PROFIT,NO ACTION
20260930_134317,"Sep 30, 2026 01:43:17 PM PT",INTC,-1.648,6.253,7,PROTECT PROFIT,NO ACTION
20260930_134317,"Sep 30, 2026 01:43:17 PM PT",PLTR,9.463,13.795,7,PROTECT PROFIT,NO ACTION
20260930_134317,"Sep 30, 2026 01:43:17 PM PT",WBD,3.791,3.791,0,LET RUN,NO ACTION
20260930_135538,"Sep 30, 2026 01:55:38 PM PT",AAPL,-0.0069999999999999,3.293,6,PROTECT PROFIT,NO ACTION
20260930_135538,"Sep 30, 2026 01:55:38 PM PT",INTC,-1.52,6.253,7,PROTECT PROFIT,NO ACTION
20260930_135538,"Sep 30, 2026 01:55:38 PM PT",PLTR,9.446,13.795,7,PROTECT PROFIT,NO ACTION
20260930_135538,"Sep 30, 2026 01:55:38 PM PT",WBD,3.791,3.791,0,LET RUN,NO ACTION
20260930_140859,"Sep 30, 2026 02:08:59 PM PT",AAPL,0.011,3.293,6,PROTECT PROFIT,NO ACTION
20260930_140859,"Sep 30, 2026 02:08:59 PM PT",INTC,-1.648,6.253,7,PROTECT PROFIT,NO ACTION
20260930_140859,"Sep 30, 2026 02:08:59 PM PT",PLTR,9.531,13.795,7,PROTECT PROFIT,NO ACTION
20260930_140859,"Sep 30, 2026 02:08:59 PM PT",WBD,3.791,3.791,0,LET RUN,NO ACTION
20260930_142830,"Sep 30, 2026 02:28:30 PM PT",AAPL,0.0699999999999999,3.293,6,PROTECT PROFIT,NO ACTION
20260930_142830,"Sep 30, 2026 02:28:30 PM PT",INTC,-1.6729999999999998,6.253,7,PROTECT PROFIT,NO ACTION
20260930_142830,"Sep 30, 2026 02:28:30 PM PT",PLTR,9.399,13.795,7,PROTECT PROFIT,NO ACTION
20260930_142830,"Sep 30, 2026 02:28:30 PM PT",WBD,3.824,3.824,0,LET RUN,NO ACTION
20260930_144535,"Sep 30, 2026 02:45:35 PM PT",AAPL,0.0809999999999999,3.293,6,PROTECT PROFIT,NO ACTION
20260930_144535,"Sep 30, 2026 02:45:35 PM PT",INTC,-1.426,6.253,7,PROTECT PROFIT,NO ACTION
20260930_144535,"Sep 30, 2026 02:45:35 PM PT",PLTR,9.358,13.795,7,PROTECT PROFIT,NO ACTION
20260930_144535,"Sep 30, 2026 02:45:35 PM PT",WBD,3.791,3.824,0,LET RUN,NO ACTION
20260930_145712,"Sep 30, 2026 02:57:12 PM PT",AAPL,0.094,3.293,6,EXIT CONFIRMED,WAITING — MARKET CLOSED
20260930_145712,"Sep 30, 2026 02:57:12 PM PT",INTC,-1.471,6.253,7,EXIT CONFIRMED,WAITING — MARKET CLOSED
20260930_145712,"Sep 30, 2026 02:57:12 PM PT",PLTR,9.323,13.795,7,EXIT CONFIRMED,WAITING — MARKET CLOSED
20260930_145712,"Sep 30, 2026 02:57:12 PM PT",WBD,3.791,3.824,0,LET RUN,NO ACTION
20260930_150832,"Sep 30, 2026 03:08:32 PM PT",AAPL,0.189,3.293,6,EXIT CONFIRMED,WAITING — MARKET CLOSED
20260930_150832,"Sep 30, 2026 03:08:32 PM PT",INTC,-1.476,6.253,7,EXIT CONFIRMED,WAITING — MARKET CLOSED
20260930_150832,"Sep 30, 2026 03:08:32 PM PT",PLTR,9.534,13.795,7,EXIT CONFIRMED,WAITING — MARKET CLOSED
20260930_150832,"Sep 30, 2026 03:08:32 PM PT",WBD,3.824,3.824,0,LET RUN,NO ACTION
20260930_151425,"Sep 30, 2026 03:14:25 PM PT",AAPL,0.1619999999999999,3.293,3,WATCH CLOSELY,NO ACTION
20260930_151425,"Sep 30, 2026 03:14:25 PM PT",INTC,-1.428,6.253,1,HOLD,NO ACTION
20260930_151425,"Sep 30, 2026 03:14:25 PM PT",PLTR,9.593,13.795,1,LET RUN,NO ACTION
20260930_151425,"Sep 30, 2026 03:14:25 PM PT",WBD,3.824,3.824,0,LET RUN,NO ACTION
20260930_152800,"Sep 30, 2026 03:28:00 PM PT",AAPL,0.177,3.293,3,WATCH CLOSELY,NO ACTION
20260930_152800,"Sep 30, 2026 03:28:00 PM PT",INTC,-1.434,6.253,1,HOLD,NO ACTION
20260930_152800,"Sep 30, 2026 03:28:00 PM PT",PLTR,9.593,13.795,1,LET RUN,NO ACTION
20260930_152800,"Sep 30, 2026 03:28:00 PM PT",WBD,3.824,3.824,0,LET RUN,NO ACTION
20260930_154415,"Sep 30, 2026 03:44:15 PM PT",AAPL,0.258,3.293,3,WATCH CLOSELY,NO ACTION
20260930_154415,"Sep 30, 2026 03:44:15 PM PT",INTC,-1.087,6.253,1,HOLD,NO ACTION
20260930_154415,"Sep 30, 2026 03:44:15 PM PT",PLTR,9.722,13.795,1,LET RUN,NO ACTION
20260930_154415,"Sep 30, 2026 03:44:15 PM PT",WBD,3.791,3.824,0,LET RUN,NO ACTION
20260930_155609,"Sep 30, 2026 03:56:09 PM PT",AAPL,0.222,3.293,3,WATCH CLOSELY,NO ACTION
20260930_155609,"Sep 30, 2026 03:56:09 PM PT",INTC,-1.253,6.253,1,HOLD,NO ACTION
20260930_155609,"Sep 30, 2026 03:56:09 PM PT",PLTR,9.687,13.795,1,LET RUN,NO ACTION
20260930_155609,"Sep 30, 2026 03:56:09 PM PT",WBD,3.823,3.824,0,LET RUN,NO ACTION
20260930_160849,"Sep 30, 2026 04:08:49 PM PT",AAPL,0.261,3.293,3,WATCH CLOSELY,NO ACTION
20260930_160849,"Sep 30, 2026 04:08:49 PM PT",INTC,-1.27,6.253,1,HOLD,NO ACTION
20260930_160849,"Sep 30, 2026 04:08:49 PM PT",PLTR,9.651,13.795,1,LET RUN,NO ACTION
20260930_160849,"Sep 30, 2026 04:08:49 PM PT",WBD,3.824,3.824,0,LET RUN,NO ACTION
20260930_162515,"Sep 30, 2026 04:25:15 PM PT",AAPL,0.333,3.293,3,WATCH CLOSELY,NO ACTION
20260930_162515,"Sep 30, 2026 04:25:15 PM PT",INTC,-1.262,6.253,1,HOLD,NO ACTION
20260930_162515,"Sep 30, 2026 04:25:15 PM PT",PLTR,9.669,13.795,1,LET RUN,NO ACTION
20260930_162515,"Sep 30, 2026 04:25:15 PM PT",WBD,3.891,3.891,0,LET RUN,NO ACTION
20260930_163915,"Sep 30, 2026 04:39:15 PM PT",AAPL,0.501,3.293,3,WATCH CLOSELY,NO ACTION
20260930_163915,"Sep 30, 2026 04:39:15 PM PT",INTC,-1.056,6.253,1,HOLD,NO ACTION
20260930_163915,"Sep 30, 2026 04:39:15 PM PT",PLTR,9.792,13.795,1,LET RUN,NO ACTION
20260930_163915,"Sep 30, 2026 04:39:15 PM PT",WBD,3.858000000000001,3.891,0,LET RUN,NO ACTION
20260930_165237,"Sep 30, 2026 04:52:37 PM PT",AAPL,0.447,3.293,3,WATCH CLOSELY,NO ACTION
20260930_165237,"Sep 30, 2026 04:52:37 PM PT",INTC,-0.918,6.253,1,HOLD,NO ACTION
20260930_165237,"Sep 30, 2026 04:52:37 PM PT",PLTR,9.827,13.795,1,LET RUN,NO ACTION
20260930_165237,"Sep 30, 2026 04:52:37 PM PT",WBD,3.824,3.891,0,LET RUN,NO ACTION
20261001_061229,"Oct 01, 2026 06:12:29 AM PT",AAPL,-0.544,3.293,3,WATCH CLOSELY,NO ACTION
20261001_061229,"Oct 01, 2026 06:12:29 AM PT",INTC,-2.043,6.253,1,HOLD,NO ACTION
20261001_061229,"Oct 01, 2026 06:12:29 AM PT",PLTR,11.12,13.795,1,LET RUN,NO ACTION
20261001_061229,"Oct 01, 2026 06:12:29 AM PT",WBD,3.824,3.891,0,LET RUN,NO ACTION
20261001_063402,"Oct 01, 2026 06:34:02 AM PT",AAPL,-0.905,3.293,5,WATCH CLOSELY,NO ACTION
20261001_063402,"Oct 01, 2026 06:34:02 AM PT",INTC,-2.285,6.253,1,HOLD,NO ACTION
20261001_063402,"Oct 01, 2026 06:34:02 AM PT",PLTR,10.25,13.795,1,LET RUN,NO ACTION
20261001_063402,"Oct 01, 2026 06:34:02 AM PT",WBD,3.824,3.891,0,LET RUN,NO ACTION
20261001_065654,"Oct 01, 2026 06:56:54 AM PT",AAPL,-0.788,3.293,5,WATCH CLOSELY,NO ACTION
20261001_065654,"Oct 01, 2026 06:56:54 AM PT",INTC,-1.875,6.253,1,HOLD,NO ACTION
20261001_065654,"Oct 01, 2026 06:56:54 AM PT",PLTR,11.751,13.795,0,LET RUN,NO ACTION
20261001_065654,"Oct 01, 2026 06:56:54 AM PT",WBD,3.841,3.891,0,LET RUN,NO ACTION
20261001_071435,"Oct 01, 2026 07:14:35 AM PT",AAPL,-0.8789999999999999,3.293,5,WATCH CLOSELY,NO ACTION
20261001_071435,"Oct 01, 2026 07:14:35 AM PT",INTC,-2.5170000000000003,6.253,1,HOLD,NO ACTION
20261001_071435,"Oct 01, 2026 07:14:35 AM PT",PLTR,11.278,13.795,0,LET RUN,NO ACTION
20261001_071435,"Oct 01, 2026 07:14:35 AM PT",WBD,3.858000000000001,3.891,0,LET RUN,NO ACTION
20261001_073611,"Oct 01, 2026 07:36:11 AM PT",AAPL,-0.6649999999999999,3.293,5,WATCH CLOSELY,NO ACTION
20261001_073611,"Oct 01, 2026 07:36:11 AM PT",INTC,-2.108,6.253,1,HOLD,NO ACTION
20261001_073611,"Oct 01, 2026 07:36:11 AM PT",PLTR,11.422,13.795,0,LET RUN,NO ACTION
20261001_073611,"Oct 01, 2026 07:36:11 AM PT",WBD,3.824,3.891,0,LET RUN,NO ACTION
20261001_075625,"Oct 01, 2026 07:56:25 AM PT",AAPL,-0.807,3.293,5,WATCH CLOSELY,NO ACTION
20261001_075625,"Oct 01, 2026 07:56:25 AM PT",INTC,-1.549,6.253,1,HOLD,NO ACTION
20261001_075625,"Oct 01, 2026 07:56:25 AM PT",PLTR,10.955,13.795,1,LET RUN,NO ACTION
20261001_075625,"Oct 01, 2026 07:56:25 AM PT",WBD,3.807,3.891,0,LET RUN,NO ACTION
20261001_081205,"Oct 01, 2026 08:12:05 AM PT",AAPL,-1.203,3.293,5,WATCH CLOSELY,NO ACTION
20261001_081205,"Oct 01, 2026 08:12:05 AM PT",INTC,-2.668,6.253,1,HOLD,NO ACTION
20261001_081205,"Oct 01, 2026 08:12:05 AM PT",PLTR,10.726,13.795,1,LET RUN,NO ACTION
20261001_081205,"Oct 01, 2026 08:12:05 AM PT",WBD,3.791,3.891,0,LET RUN,NO ACTION
20261001_083156,"Oct 01, 2026 08:31:56 AM PT",AAPL,-1.302,3.293,5,WATCH CLOSELY,NO ACTION
20261001_083156,"Oct 01, 2026 08:31:56 AM PT",INTC,-1.882,6.253,1,HOLD,NO ACTION
20261001_083156,"Oct 01, 2026 08:31:56 AM PT",PLTR,10.808,13.795,1,LET RUN,NO ACTION
20261001_083156,"Oct 01, 2026 08:31:56 AM PT",WBD,3.791,3.891,0,LET RUN,NO ACTION
20261001_085607,"Oct 01, 2026 08:56:07 AM PT",AAPL,-1.823,3.293,5,WATCH CLOSELY,NO ACTION
20261001_085607,"Oct 01, 2026 08:56:07 AM PT",INTC,-1.484,6.253,1,HOLD,NO ACTION
20261001_085607,"Oct 01, 2026 08:56:07 AM PT",PLTR,10.435,13.795,1,LET RUN,NO ACTION
20261001_085607,"Oct 01, 2026 08:56:07 AM PT",WBD,3.757,3.891,0,LET RUN,NO ACTION
20261001_091053,"Oct 01, 2026 09:10:53 AM PT",AAPL,-1.443,3.293,5,WATCH CLOSELY,NO ACTION
20261001_091053,"Oct 01, 2026 09:10:53 AM PT",INTC,-1.525,6.253,1,HOLD,NO ACTION
20261001_091053,"Oct 01, 2026 09:10:53 AM PT",PLTR,10.849,13.795,1,LET RUN,NO ACTION
20261001_091053,"Oct 01, 2026 09:10:53 AM PT",WBD,3.757,3.891,0,LET RUN,NO ACTION
20261001_092907,"Oct 01, 2026 09:29:07 AM PT",AAPL,-1.311,3.293,5,WATCH CLOSELY,NO ACTION
20261001_092907,"Oct 01, 2026 09:29:07 AM PT",INTC,-1.656,6.253,1,HOLD,NO ACTION
20261001_092907,"Oct 01, 2026 09:29:07 AM PT",PLTR,10.697,13.795,1,LET RUN,NO ACTION
20261001_092907,"Oct 01, 2026 09:29:07 AM PT",WBD,3.791,3.891,0,LET RUN,NO ACTION
20261001_094540,"Oct 01, 2026 09:45:40 AM PT",AAPL,-1.486,3.293,5,WATCH CLOSELY,NO ACTION
20261001_094540,"Oct 01, 2026 09:45:40 AM PT",INTC,-1.508,6.253,1,HOLD,NO ACTION
20261001_094540,"Oct 01, 2026 09:45:40 AM PT",PLTR,10.82,13.795,1,LET RUN,NO ACTION
20261001_094540,"Oct 01, 2026 09:45:40 AM PT",WBD,3.757,3.891,0,LET RUN,NO ACTION
20261001_101008,"Oct 01, 2026 10:10:08 AM PT",AAPL,-1.395,3.293,5,WATCH CLOSELY,NO ACTION
20261001_101008,"Oct 01, 2026 10:10:08 AM PT",INTC,-1.434,6.253,1,HOLD,NO ACTION
20261001_101008,"Oct 01, 2026 10:10:08 AM PT",PLTR,10.967,13.795,1,LET RUN,NO ACTION
20261001_101008,"Oct 01, 2026 10:10:08 AM PT",WBD,3.791,3.891,0,LET RUN,NO ACTION
20261001_102828,"Oct 01, 2026 10:28:28 AM PT",AAPL,-1.142,3.293,5,WATCH CLOSELY,NO ACTION
20261001_102828,"Oct 01, 2026 10:28:28 AM PT",INTC,-0.041,6.253,0,HOLD,NO ACTION
20261001_102828,"Oct 01, 2026 10:28:28 AM PT",PLTR,11.513,13.795,0,LET RUN,NO ACTION
20261001_102828,"Oct 01, 2026 10:28:28 AM PT",WBD,3.791,3.891,0,LET RUN,NO ACTION
20261001_104555,"Oct 01, 2026 10:45:55 AM PT",AAPL,-0.943,3.293,5,WATCH CLOSELY,NO ACTION
20261001_104555,"Oct 01, 2026 10:45:55 AM PT",INTC,-0.119,6.253,1,HOLD,NO ACTION
20261001_104555,"Oct 01, 2026 10:45:55 AM PT",PLTR,11.537,13.795,0,LET RUN,NO ACTION
20261001_104555,"Oct 01, 2026 10:45:55 AM PT",WBD,3.766,3.891,0,LET RUN,NO ACTION
20261001_111209,"Oct 01, 2026 11:12:09 AM PT",AAPL,-0.986,3.293,5,WATCH CLOSELY,NO ACTION
20261001_111209,"Oct 01, 2026 11:12:09 AM PT",INTC,-1.204,6.253,1,HOLD,NO ACTION
20261001_111209,"Oct 01, 2026 11:12:09 AM PT",PLTR,11.17,13.795,1,LET RUN,NO ACTION
20261001_111209,"Oct 01, 2026 11:12:09 AM PT",WBD,3.757,3.891,0,LET RUN,NO ACTION
20261001_113507,"Oct 01, 2026 11:35:07 AM PT",AAPL,-1.013,3.293,5,WATCH CLOSELY,NO ACTION
20261001_113507,"Oct 01, 2026 11:35:07 AM PT",INTC,-0.423,6.253,1,HOLD,NO ACTION
20261001_113507,"Oct 01, 2026 11:35:07 AM PT",PLTR,11.666,13.795,0,LET RUN,NO ACTION
20261001_113507,"Oct 01, 2026 11:35:07 AM PT",WBD,3.757,3.891,0,LET RUN,NO ACTION
20261001_115623,"Oct 01, 2026 11:56:23 AM PT",AAPL,-0.89,3.293,5,WATCH CLOSELY,NO ACTION
20261001_115623,"Oct 01, 2026 11:56:23 AM PT",INTC,-0.719,6.253,1,HOLD,NO ACTION
20261001_115623,"Oct 01, 2026 11:56:23 AM PT",PLTR,11.701,13.795,0,LET RUN,NO ACTION
20261001_115623,"Oct 01, 2026 11:56:23 AM PT",WBD,3.791,3.891,0,LET RUN,NO ACTION
20261001_121125,"Oct 01, 2026 12:11:25 PM PT",AAPL,-0.962,3.293,5,WATCH CLOSELY,NO ACTION
20261001_121125,"Oct 01, 2026 12:11:25 PM PT",INTC,-1.105,6.253,1,HOLD,NO ACTION
20261001_121125,"Oct 01, 2026 12:11:25 PM PT",PLTR,11.952,13.795,0,LET RUN,NO ACTION
20261001_121125,"Oct 01, 2026 12:11:25 PM PT",WBD,3.791,3.891,0,LET RUN,NO ACTION
20261001_122606,"Oct 01, 2026 12:26:06 PM PT",AAPL,-0.953,3.293,5,WATCH CLOSELY,NO ACTION
20261001_122606,"Oct 01, 2026 12:26:06 PM PT",INTC,-0.941,6.253,1,HOLD,NO ACTION
20261001_122606,"Oct 01, 2026 12:26:06 PM PT",PLTR,11.995,13.795,0,LET RUN,NO ACTION
20261001_122606,"Oct 01, 2026 12:26:06 PM PT",WBD,3.807,3.891,0,LET RUN,NO ACTION
20261001_122905,"Oct 01, 2026 12:29:05 PM PT",AAPL,-0.881,3.293,5,WATCH CLOSELY,NO ACTION
20261001_122905,"Oct 01, 2026 12:29:05 PM PT",INTC,-0.962,6.253,1,HOLD,NO ACTION
20261001_122905,"Oct 01, 2026 12:29:05 PM PT",PLTR,12.115,13.795,0,LET RUN,NO ACTION
20261001_122905,"Oct 01, 2026 12:29:05 PM PT",WBD,3.807,3.891,0,LET RUN,NO ACTION
20261001_123451,"Oct 01, 2026 12:34:51 PM PT",AAPL,-1.185,3.293,5,WATCH CLOSELY,NO ACTION
20261001_123451,"Oct 01, 2026 12:34:51 PM PT",INTC,-1.188,6.253,1,HOLD,NO ACTION
20261001_123451,"Oct 01, 2026 12:34:51 PM PT",PLTR,12.277,13.795,0,LET RUN,NO ACTION
20261001_123451,"Oct 01, 2026 12:34:51 PM PT",WBD,3.807,3.891,0,LET RUN,NO ACTION
20261001_124425,"Oct 01, 2026 12:44:25 PM PT",AAPL,-0.952,3.293,5,WATCH CLOSELY,NO ACTION
20261001_124425,"Oct 01, 2026 12:44:25 PM PT",INTC,-1.101,6.253,1,HOLD,NO ACTION
20261001_124425,"Oct 01, 2026 12:44:25 PM PT",PLTR,12.147,13.795,0,LET RUN,NO ACTION
20261001_124425,"Oct 01, 2026 12:44:25 PM PT",WBD,3.791,3.891,0,LET RUN,NO ACTION
20261001_124713,"Oct 01, 2026 12:47:13 PM PT",AAPL,-0.92,3.293,5,WATCH CLOSELY,NO ACTION
20261001_124713,"Oct 01, 2026 12:47:13 PM PT",INTC,-1.089,6.253,1,HOLD,NO ACTION
20261001_124713,"Oct 01, 2026 12:47:13 PM PT",PLTR,12.218,13.795,0,LET RUN,NO ACTION
20261001_124713,"Oct 01, 2026 12:47:13 PM PT",WBD,3.807,3.891,0,LET RUN,NO ACTION
20261001_125549,"Oct 01, 2026 12:55:49 PM PT",AAPL,-0.692,3.293,5,WATCH CLOSELY,NO ACTION
20261001_125549,"Oct 01, 2026 12:55:49 PM PT",INTC,-1.006,6.253,1,HOLD,NO ACTION
20261001_125549,"Oct 01, 2026 12:55:49 PM PT",PLTR,11.83,13.795,0,LET RUN,NO ACTION
20261001_125549,"Oct 01, 2026 12:55:49 PM PT",WBD,3.807,3.891,0,LET RUN,NO ACTION
20261001_131013,"Oct 01, 2026 01:10:13 PM PT",AAPL,-0.7250000000000001,3.293,5,WATCH CLOSELY,NO ACTION
20261001_131013,"Oct 01, 2026 01:10:13 PM PT",INTC,-1.363,6.253,1,HOLD,NO ACTION
20261001_131013,"Oct 01, 2026 01:10:13 PM PT",PLTR,11.609,13.795,0,LET RUN,NO ACTION
20261001_131013,"Oct 01, 2026 01:10:13 PM PT",WBD,3.824,3.891,0,LET RUN,NO ACTION
20261001_132959,"Oct 01, 2026 01:29:59 PM PT",AAPL,-0.6799999999999999,3.293,5,WATCH CLOSELY,NO ACTION
20261001_132959,"Oct 01, 2026 01:29:59 PM PT",INTC,-1.475,6.253,1,HOLD,NO ACTION
20261001_132959,"Oct 01, 2026 01:29:59 PM PT",PLTR,11.537,13.795,0,LET RUN,NO ACTION
20261001_132959,"Oct 01, 2026 01:29:59 PM PT",WBD,3.791,3.891,0,LET RUN,NO ACTION
20261001_134737,"Oct 01, 2026 01:47:37 PM PT",AAPL,-0.7250000000000001,3.293,5,WATCH CLOSELY,NO ACTION
20261001_134737,"Oct 01, 2026 01:47:37 PM PT",INTC,-1.525,6.253,1,HOLD,NO ACTION
20261001_134737,"Oct 01, 2026 01:47:37 PM PT",PLTR,11.325,13.795,0,LET RUN,NO ACTION
20261001_134737,"Oct 01, 2026 01:47:37 PM PT",WBD,3.791,3.891,0,LET RUN,NO ACTION
20261001_140820,"Oct 01, 2026 02:08:20 PM PT",AAPL,-0.83,3.293,5,WATCH CLOSELY,NO ACTION
20261001_140820,"Oct 01, 2026 02:08:20 PM PT",INTC,-1.508,6.253,1,HOLD,NO ACTION
20261001_140820,"Oct 01, 2026 02:08:20 PM PT",PLTR,11.31,13.795,0,LET RUN,NO ACTION
20261001_140820,"Oct 01, 2026 02:08:20 PM PT",WBD,3.792,3.891,0,LET RUN,NO ACTION
20261001_142722,"Oct 01, 2026 02:27:22 PM PT",AAPL,-0.77,3.293,5,WATCH CLOSELY,NO ACTION
20261001_142722,"Oct 01, 2026 02:27:22 PM PT",INTC,-1.532,6.253,1,HOLD,NO ACTION
20261001_142722,"Oct 01, 2026 02:27:22 PM PT",PLTR,11.325,13.795,0,LET RUN,NO ACTION
20261001_142722,"Oct 01, 2026 02:27:22 PM PT",WBD,3.792,3.891,0,LET RUN,NO ACTION
20261001_144433,"Oct 01, 2026 02:44:33 PM PT",AAPL,-0.7849999999999999,3.293,5,WATCH CLOSELY,NO ACTION
20261001_144433,"Oct 01, 2026 02:44:33 PM PT",INTC,-1.574,6.253,1,HOLD,NO ACTION
20261001_144433,"Oct 01, 2026 02:44:33 PM PT",PLTR,11.531,13.795,0,LET RUN,NO ACTION
20261001_144433,"Oct 01, 2026 02:44:33 PM PT",WBD,3.792,3.891,0,LET RUN,NO ACTION
20261001_145740,"Oct 01, 2026 02:57:40 PM PT",AAPL,-0.8130000000000001,3.293,5,WATCH CLOSELY,NO ACTION
20261001_145740,"Oct 01, 2026 02:57:40 PM PT",INTC,-1.475,6.253,1,HOLD,NO ACTION
20261001_145740,"Oct 01, 2026 02:57:40 PM PT",PLTR,11.425,13.795,0,LET RUN,NO ACTION
20261001_145740,"Oct 01, 2026 02:57:40 PM PT",WBD,3.792,3.891,0,LET RUN,NO ACTION
20261001_151225,"Oct 01, 2026 03:12:25 PM PT",AAPL,-0.701,3.293,5,WATCH CLOSELY,NO ACTION
20261001_151225,"Oct 01, 2026 03:12:25 PM PT",INTC,-1.3050000000000002,6.253,1,HOLD,NO ACTION
20261001_151225,"Oct 01, 2026 03:12:25 PM PT",PLTR,11.546,13.795,0,LET RUN,NO ACTION
20261001_151225,"Oct 01, 2026 03:12:25 PM PT",WBD,3.792,3.891,0,LET RUN,NO ACTION
20261001_152738,"Oct 01, 2026 03:27:38 PM PT",AAPL,-0.8,3.293,5,WATCH CLOSELY,NO ACTION
20261001_152738,"Oct 01, 2026 03:27:38 PM PT",INTC,-1.475,6.253,1,HOLD,NO ACTION
20261001_152738,"Oct 01, 2026 03:27:38 PM PT",PLTR,11.454,13.795,0,LET RUN,NO ACTION
20261001_152738,"Oct 01, 2026 03:27:38 PM PT",WBD,3.791,3.891,0,LET RUN,NO ACTION
20261001_154256,"Oct 01, 2026 03:42:56 PM PT",AAPL,-0.734,3.293,5,WATCH CLOSELY,NO ACTION
20261001_154256,"Oct 01, 2026 03:42:56 PM PT",INTC,-1.319,6.253,1,HOLD,NO ACTION
20261001_154256,"Oct 01, 2026 03:42:56 PM PT",PLTR,11.795,13.795,0,LET RUN,NO ACTION
20261001_154256,"Oct 01, 2026 03:42:56 PM PT",WBD,3.791,3.891,0,LET RUN,NO ACTION
20261001_155524,"Oct 01, 2026 03:55:24 PM PT",AAPL,-0.668,3.293,5,WATCH CLOSELY,NO ACTION
20261001_155524,"Oct 01, 2026 03:55:24 PM PT",INTC,-1.212,6.253,1,HOLD,NO ACTION
20261001_155524,"Oct 01, 2026 03:55:24 PM PT",PLTR,11.871,13.795,0,LET RUN,NO ACTION
20261001_155524,"Oct 01, 2026 03:55:24 PM PT",WBD,3.791,3.891,0,LET RUN,NO ACTION
20261001_160703,"Oct 01, 2026 04:07:03 PM PT",AAPL,-0.626,3.293,5,WATCH CLOSELY,NO ACTION
20261001_160703,"Oct 01, 2026 04:07:03 PM PT",INTC,-1.081,6.253,1,HOLD,NO ACTION
20261001_160703,"Oct 01, 2026 04:07:03 PM PT",PLTR,11.971,13.795,0,LET RUN,NO ACTION
20261001_160703,"Oct 01, 2026 04:07:03 PM PT",WBD,3.791,3.891,0,LET RUN,NO ACTION
20261001_161042,"Oct 01, 2026 04:10:42 PM PT",AAPL,-0.647,3.293,5,WATCH CLOSELY,NO ACTION
20261001_161042,"Oct 01, 2026 04:10:42 PM PT",INTC,-1.114,6.253,1,HOLD,NO ACTION
20261001_161042,"Oct 01, 2026 04:10:42 PM PT",PLTR,11.883,13.795,0,LET RUN,NO ACTION
20261001_161042,"Oct 01, 2026 04:10:42 PM PT",WBD,3.791,3.891,0,LET RUN,NO ACTION
20261001_162418,"Oct 01, 2026 04:24:18 PM PT",AAPL,-0.626,3.293,5,WATCH CLOSELY,NO ACTION
20261001_162418,"Oct 01, 2026 04:24:18 PM PT",INTC,-1.064,6.253,1,HOLD,NO ACTION
20261001_162418,"Oct 01, 2026 04:24:18 PM PT",PLTR,12.012,13.795,0,LET RUN,NO ACTION
20261001_162418,"Oct 01, 2026 04:24:18 PM PT",WBD,3.819,3.891,0,LET RUN,NO ACTION
20261001_163937,"Oct 01, 2026 04:39:37 PM PT",AAPL,-0.695,3.293,5,WATCH CLOSELY,NO ACTION
20261001_163937,"Oct 01, 2026 04:39:37 PM PT",INTC,-1.212,6.253,1,HOLD,NO ACTION
20261001_163937,"Oct 01, 2026 04:39:37 PM PT",PLTR,11.883,13.795,0,LET RUN,NO ACTION
20261001_163937,"Oct 01, 2026 04:39:37 PM PT",WBD,3.819,3.891,0,LET RUN,NO ACTION
20261001_165246,"Oct 01, 2026 04:52:46 PM PT",AAPL,-0.638,3.293,5,WATCH CLOSELY,NO ACTION
20261001_165246,"Oct 01, 2026 04:52:46 PM PT",INTC,-1.105,6.253,1,HOLD,NO ACTION
20261001_165246,"Oct 01, 2026 04:52:46 PM PT",PLTR,11.918,13.795,0,LET RUN,NO ACTION
20261001_165246,"Oct 01, 2026 04:52:46 PM PT",WBD,3.819,3.891,0,LET RUN,NO ACTION
20261002_061042,"Oct 02, 2026 06:10:42 AM PT",AAPL,-0.019,3.293,5,WATCH CLOSELY,NO ACTION
20261002_061042,"Oct 02, 2026 06:10:42 AM PT",INTC,1.649,6.253,1,LET RUN,NO ACTION
20261002_061042,"Oct 02, 2026 06:10:42 AM PT",PLTR,13.439,13.795,0,LET RUN,NO ACTION
20261002_061042,"Oct 02, 2026 06:10:42 AM PT",WBD,3.858000000000001,3.891,0,LET RUN,NO ACTION
20261002_063048,"Oct 02, 2026 06:30:48 AM PT",AAPL,-0.22,3.293,5,WATCH CLOSELY,NO ACTION
20261002_063048,"Oct 02, 2026 06:30:48 AM PT",INTC,1.735,6.253,1,LET RUN,NO ACTION
20261002_063048,"Oct 02, 2026 06:30:48 AM PT",PLTR,13.086999999999998,13.795,0,LET RUN,NO ACTION
20261002_063048,"Oct 02, 2026 06:30:48 AM PT",WBD,3.791,3.891,0,LET RUN,NO ACTION
20261002_065621,"Oct 02, 2026 06:56:21 AM PT",AAPL,-0.561,3.293,5,WATCH CLOSELY,NO ACTION
20261002_065621,"Oct 02, 2026 06:56:21 AM PT",INTC,2.138,6.253,0,LET RUN,NO ACTION
20261002_065621,"Oct 02, 2026 06:56:21 AM PT",PLTR,12.997,13.795,0,LET RUN,NO ACTION
20261002_065621,"Oct 02, 2026 06:56:21 AM PT",WBD,3.807,3.891,1,LET RUN,NO ACTION
20261002_071225,"Oct 02, 2026 07:12:25 AM PT",AAPL,0.258,3.293,3,WATCH CLOSELY,NO ACTION
20261002_071225,"Oct 02, 2026 07:12:25 AM PT",INTC,2.643,6.253,0,LET RUN,NO ACTION
20261002_071225,"Oct 02, 2026 07:12:25 AM PT",PLTR,12.537999999999998,13.795,0,LET RUN,NO ACTION
20261002_071225,"Oct 02, 2026 07:12:25 AM PT",WBD,3.818,3.891,1,LET RUN,NO ACTION
20261002_073309,"Oct 02, 2026 07:33:09 AM PT",AAPL,0.351,3.293,3,WATCH CLOSELY,NO ACTION
20261002_073309,"Oct 02, 2026 07:33:09 AM PT",INTC,2.689,6.253,0,LET RUN,NO ACTION
20261002_073309,"Oct 02, 2026 07:33:09 AM PT",PLTR,13.316,13.795,0,LET RUN,NO ACTION
20261002_073309,"Oct 02, 2026 07:33:09 AM PT",WBD,3.824,3.891,1,LET RUN,NO ACTION
20261002_075729,"Oct 02, 2026 07:57:29 AM PT",AAPL,0.253,3.293,3,WATCH CLOSELY,NO ACTION
20261002_075729,"Oct 02, 2026 07:57:29 AM PT",INTC,1.64,6.253,0,LET RUN,NO ACTION
20261002_075729,"Oct 02, 2026 07:57:29 AM PT",PLTR,13.821,13.821,0,LET RUN,NO ACTION
20261002_075729,"Oct 02, 2026 07:57:29 AM PT",WBD,3.824,3.891,1,LET RUN,NO ACTION
20261002_081453,"Oct 02, 2026 08:14:53 AM PT",AAPL,-0.445,3.293,3,WATCH CLOSELY,NO ACTION
20261002_081453,"Oct 02, 2026 08:14:53 AM PT",INTC,1.077,6.253,0,LET RUN,NO ACTION
20261002_081453,"Oct 02, 2026 08:14:53 AM PT",PLTR,13.028,13.821,0,LET RUN,NO ACTION
20261002_081453,"Oct 02, 2026 08:14:53 AM PT",WBD,3.807,3.891,1,LET RUN,NO ACTION
20261002_083455,"Oct 02, 2026 08:34:55 AM PT",AAPL,-0.175,3.293,3,WATCH CLOSELY,NO ACTION
20261002_083455,"Oct 02, 2026 08:34:55 AM PT",INTC,0.489,6.253,0,LET RUN,NO ACTION
20261002_083455,"Oct 02, 2026 08:34:55 AM PT",PLTR,12.18,13.821,0,LET RUN,NO ACTION
20261002_083455,"Oct 02, 2026 08:34:55 AM PT",WBD,3.807,3.891,1,LET RUN,NO ACTION
20261002_085556,"Oct 02, 2026 08:55:56 AM PT",AAPL,-0.1119999999999999,3.293,3,WATCH CLOSELY,NO ACTION
20261002_085556,"Oct 02, 2026 08:55:56 AM PT",INTC,0.8099999999999999,6.253,0,LET RUN,NO ACTION
20261002_085556,"Oct 02, 2026 08:55:56 AM PT",PLTR,11.237,13.821,1,LET RUN,NO ACTION
20261002_085556,"Oct 02, 2026 08:55:56 AM PT",WBD,3.807,3.891,1,LET RUN,NO ACTION
20261002_090936,"Oct 02, 2026 09:09:36 AM PT",AAPL,0.046,3.293,3,WATCH CLOSELY,NO ACTION
20261002_090936,"Oct 02, 2026 09:09:36 AM PT",INTC,0.769,6.253,0,LET RUN,NO ACTION
20261002_090936,"Oct 02, 2026 09:09:36 AM PT",PLTR,11.865,13.821,1,LET RUN,NO ACTION
20261002_090936,"Oct 02, 2026 09:09:36 AM PT",WBD,3.807,3.891,1,LET RUN,NO ACTION
20261002_092405,"Oct 02, 2026 09:24:05 AM PT",AAPL,0.036,3.293,3,WATCH CLOSELY,NO ACTION
20261002_092405,"Oct 02, 2026 09:24:05 AM PT",INTC,0.5720000000000001,6.253,0,LET RUN,NO ACTION
20261002_092405,"Oct 02, 2026 09:24:05 AM PT",PLTR,11.772,13.821,1,LET RUN,NO ACTION
20261002_092405,"Oct 02, 2026 09:24:05 AM PT",WBD,3.803,3.891,1,LET RUN,NO ACTION
20261002_092926,"Oct 02, 2026 09:29:26 AM PT",AAPL,0.011,3.293,3,WATCH CLOSELY,NO ACTION
20261002_092926,"Oct 02, 2026 09:29:26 AM PT",INTC,0.383,6.253,0,LET RUN,NO ACTION
20261002_092926,"Oct 02, 2026 09:29:26 AM PT",PLTR,11.513,13.821,1,LET RUN,NO ACTION
20261002_092926,"Oct 02, 2026 09:29:26 AM PT",WBD,3.791,3.891,1,LET RUN,NO ACTION
20261002_094819,"Oct 02, 2026 09:48:19 AM PT",AAPL,0.108,3.293,3,WATCH CLOSELY,NO ACTION
20261002_094819,"Oct 02, 2026 09:48:19 AM PT",INTC,-0.09,6.253,1,HOLD,NO ACTION
20261002_094819,"Oct 02, 2026 09:48:19 AM PT",PLTR,11.654,13.821,1,LET RUN,NO ACTION
20261002_094819,"Oct 02, 2026 09:48:19 AM PT",WBD,3.824,3.891,1,LET RUN,NO ACTION
20261002_100845,"Oct 02, 2026 10:08:45 AM PT",AAPL,0.259,3.293,3,WATCH CLOSELY,NO ACTION
20261002_100845,"Oct 02, 2026 10:08:45 AM PT",INTC,-0.8340000000000001,6.253,1,HOLD,NO ACTION
20261002_100845,"Oct 02, 2026 10:08:45 AM PT",PLTR,11.545,13.821,1,LET RUN,NO ACTION
20261002_100845,"Oct 02, 2026 10:08:45 AM PT",WBD,3.807,3.891,1,LET RUN,NO ACTION
20261002_102843,"Oct 02, 2026 10:28:43 AM PT",AAPL,0.174,3.293,3,WATCH CLOSELY,NO ACTION
20261002_102843,"Oct 02, 2026 10:28:43 AM PT",INTC,-1.393,6.253,1,HOLD,NO ACTION
20261002_102843,"Oct 02, 2026 10:28:43 AM PT",PLTR,11.102,13.821,1,LET RUN,NO ACTION
20261002_102843,"Oct 02, 2026 10:28:43 AM PT",WBD,3.807,3.891,1,LET RUN,NO ACTION
20261002_104432,"Oct 02, 2026 10:44:32 AM PT",AAPL,0.177,3.293,3,WATCH CLOSELY,NO ACTION
20261002_104432,"Oct 02, 2026 10:44:32 AM PT",INTC,-1.309,6.253,1,HOLD,NO ACTION
20261002_104432,"Oct 02, 2026 10:44:32 AM PT",PLTR,10.932,13.821,1,LET RUN,NO ACTION
20261002_104432,"Oct 02, 2026 10:44:32 AM PT",WBD,3.824,3.891,1,LET RUN,NO ACTION
20261002_105748,"Oct 02, 2026 10:57:48 AM PT",AAPL,0.189,3.293,3,WATCH CLOSELY,NO ACTION
20261002_105748,"Oct 02, 2026 10:57:48 AM PT",INTC,-1.13,6.253,1,HOLD,NO ACTION
20261002_105748,"Oct 02, 2026 10:57:48 AM PT",PLTR,11.149,13.821,1,LET RUN,NO ACTION
20261002_105748,"Oct 02, 2026 10:57:48 AM PT",WBD,3.807,3.891,1,LET RUN,NO ACTION
20261002_111753,"Oct 02, 2026 11:17:53 AM PT",AAPL,-0.004,3.293,3,WATCH CLOSELY,NO ACTION
20261002_111753,"Oct 02, 2026 11:17:53 AM PT",INTC,-1.393,6.253,1,HOLD,NO ACTION
20261002_111753,"Oct 02, 2026 11:17:53 AM PT",PLTR,11.209,13.821,1,LET RUN,NO ACTION
20261002_111753,"Oct 02, 2026 11:17:53 AM PT",WBD,3.807,3.891,1,LET RUN,NO ACTION
20261002_114415,"Oct 02, 2026 11:44:15 AM PT",AAPL,0.244,3.293,3,WATCH CLOSELY,NO ACTION
20261002_114415,"Oct 02, 2026 11:44:15 AM PT",INTC,-1.278,6.253,1,HOLD,NO ACTION
20261002_114415,"Oct 02, 2026 11:44:15 AM PT",PLTR,11.278,13.821,1,LET RUN,NO ACTION
20261002_114415,"Oct 02, 2026 11:44:15 AM PT",WBD,3.807,3.891,1,LET RUN,NO ACTION
20261002_115910,"Oct 02, 2026 11:59:10 AM PT",AAPL,0.267,3.293,3,WATCH CLOSELY,NO ACTION
20261002_115910,"Oct 02, 2026 11:59:10 AM PT",INTC,-1.393,6.253,1,HOLD,NO ACTION
20261002_115910,"Oct 02, 2026 11:59:10 AM PT",PLTR,11.381,13.821,1,LET RUN,NO ACTION
20261002_115910,"Oct 02, 2026 11:59:10 AM PT",WBD,3.824,3.891,1,LET RUN,NO ACTION
20261002_121644,"Oct 02, 2026 12:16:44 PM PT",AAPL,0.1379999999999999,3.293,3,WATCH CLOSELY,NO ACTION
20261002_121644,"Oct 02, 2026 12:16:44 PM PT",INTC,-1.566,6.253,1,HOLD,NO ACTION
20261002_121644,"Oct 02, 2026 12:16:44 PM PT",PLTR,11.322,13.821,1,LET RUN,NO ACTION
20261002_121644,"Oct 02, 2026 12:16:44 PM PT",WBD,3.824,3.891,1,LET RUN,NO ACTION
20261002_124151,"Oct 02, 2026 12:41:51 PM PT",AAPL,0.294,3.293,3,WATCH CLOSELY,NO ACTION
20261002_124151,"Oct 02, 2026 12:41:51 PM PT",INTC,-1.447,6.253,1,HOLD,NO ACTION
20261002_124151,"Oct 02, 2026 12:41:51 PM PT",PLTR,11.181,13.821,1,LET RUN,NO ACTION
20261002_124151,"Oct 02, 2026 12:41:51 PM PT",WBD,3.807,3.891,1,LET RUN,NO ACTION
20261002_125539,"Oct 02, 2026 12:55:39 PM PT",AAPL,0.078,3.293,3,WATCH CLOSELY,NO ACTION
20261002_125539,"Oct 02, 2026 12:55:39 PM PT",INTC,-2.069,6.253,1,HOLD,NO ACTION
20261002_125539,"Oct 02, 2026 12:55:39 PM PT",PLTR,10.697,13.821,1,LET RUN,NO ACTION
20261002_125539,"Oct 02, 2026 12:55:39 PM PT",WBD,3.807,3.891,1,LET RUN,NO ACTION
20261002_130819,"Oct 02, 2026 01:08:19 PM PT",AAPL,0.156,3.293,3,WATCH CLOSELY,NO ACTION
20261002_130819,"Oct 02, 2026 01:08:19 PM PT",INTC,-1.903,6.253,1,HOLD,NO ACTION
20261002_130819,"Oct 02, 2026 01:08:19 PM PT",PLTR,11.002,13.821,1,LET RUN,NO ACTION
20261002_130819,"Oct 02, 2026 01:08:19 PM PT",WBD,3.824,3.891,1,LET RUN,NO ACTION
20261002_132637,"Oct 02, 2026 01:26:37 PM PT",AAPL,0.1949999999999999,3.293,3,WATCH CLOSELY,NO ACTION
20261002_132637,"Oct 02, 2026 01:26:37 PM PT",INTC,-1.878,6.253,1,HOLD,NO ACTION
20261002_132637,"Oct 02, 2026 01:26:37 PM PT",PLTR,10.86,13.821,1,LET RUN,NO ACTION
20261002_132637,"Oct 02, 2026 01:26:37 PM PT",WBD,3.858000000000001,3.891,1,LET RUN,NO ACTION
20261002_134309,"Oct 02, 2026 01:43:09 PM PT",AAPL,0.202,3.293,3,WATCH CLOSELY,NO ACTION
20261002_134309,"Oct 02, 2026 01:43:09 PM PT",INTC,-1.87,6.253,1,HOLD,NO ACTION
20261002_134309,"Oct 02, 2026 01:43:09 PM PT",PLTR,11.061,13.821,1,LET RUN,NO ACTION
20261002_134309,"Oct 02, 2026 01:43:09 PM PT",WBD,3.827,3.891,1,LET RUN,NO ACTION
20261002_135706,"Oct 02, 2026 01:57:06 PM PT",AAPL,0.186,3.293,3,WATCH CLOSELY,NO ACTION
20261002_135706,"Oct 02, 2026 01:57:06 PM PT",INTC,-1.866,6.253,1,HOLD,NO ACTION
20261002_135706,"Oct 02, 2026 01:57:06 PM PT",PLTR,10.99,13.821,1,LET RUN,NO ACTION
20261002_135706,"Oct 02, 2026 01:57:06 PM PT",WBD,3.827,3.891,1,LET RUN,NO ACTION
20261002_141146,"Oct 02, 2026 02:11:46 PM PT",AAPL,0.159,3.293,3,WATCH CLOSELY,NO ACTION
20261002_141146,"Oct 02, 2026 02:11:46 PM PT",INTC,-1.87,6.253,1,HOLD,NO ACTION
20261002_141146,"Oct 02, 2026 02:11:46 PM PT",PLTR,10.898,13.821,1,LET RUN,NO ACTION
20261002_141146,"Oct 02, 2026 02:11:46 PM PT",WBD,3.791,3.891,1,LET RUN,NO ACTION
20261002_143100,"Oct 02, 2026 02:31:00 PM PT",AAPL,0.147,3.293,3,WATCH CLOSELY,NO ACTION
20261002_143100,"Oct 02, 2026 02:31:00 PM PT",INTC,-1.862,6.253,1,HOLD,NO ACTION
20261002_143100,"Oct 02, 2026 02:31:00 PM PT",PLTR,10.89,13.821,1,LET RUN,NO ACTION
20261002_143100,"Oct 02, 2026 02:31:00 PM PT",WBD,3.757,3.891,1,LET RUN,NO ACTION
20261002_144510,"Oct 02, 2026 02:45:10 PM PT",AAPL,0.149,3.293,3,WATCH CLOSELY,NO ACTION
20261002_144510,"Oct 02, 2026 02:45:10 PM PT",INTC,-1.96,6.253,1,HOLD,NO ACTION
20261002_144510,"Oct 02, 2026 02:45:10 PM PT",PLTR,10.92,13.821,1,LET RUN,NO ACTION
20261002_144510,"Oct 02, 2026 02:45:10 PM PT",WBD,3.757,3.891,1,LET RUN,NO ACTION
20261002_145639,"Oct 02, 2026 02:56:39 PM PT",AAPL,0.15,3.293,3,WATCH CLOSELY,NO ACTION
20261002_145639,"Oct 02, 2026 02:56:39 PM PT",INTC,-1.903,6.253,1,HOLD,NO ACTION
20261002_145639,"Oct 02, 2026 02:56:39 PM PT",PLTR,10.855,13.821,1,LET RUN,NO ACTION
20261002_145639,"Oct 02, 2026 02:56:39 PM PT",WBD,3.829,3.891,1,LET RUN,NO ACTION
20261002_151028,"Oct 02, 2026 03:10:28 PM PT",AAPL,0.12,3.293,3,WATCH CLOSELY,NO ACTION
20261002_151028,"Oct 02, 2026 03:10:28 PM PT",INTC,-1.973,6.253,1,HOLD,NO ACTION
20261002_151028,"Oct 02, 2026 03:10:28 PM PT",PLTR,10.65,13.821,1,LET RUN,NO ACTION
20261002_151028,"Oct 02, 2026 03:10:28 PM PT",WBD,3.829,3.891,1,LET RUN,NO ACTION
20261002_152701,"Oct 02, 2026 03:27:01 PM PT",AAPL,0.117,3.293,3,WATCH CLOSELY,NO ACTION
20261002_152701,"Oct 02, 2026 03:27:01 PM PT",INTC,-2.054,6.253,1,HOLD,NO ACTION
20261002_152701,"Oct 02, 2026 03:27:01 PM PT",PLTR,10.708,13.821,1,LET RUN,NO ACTION
20261002_152701,"Oct 02, 2026 03:27:01 PM PT",WBD,3.829,3.891,1,LET RUN,NO ACTION
20261002_154224,"Oct 02, 2026 03:42:24 PM PT",AAPL,0.141,3.293,3,WATCH CLOSELY,NO ACTION
20261002_154224,"Oct 02, 2026 03:42:24 PM PT",INTC,-2.076,6.253,1,HOLD,NO ACTION
20261002_154224,"Oct 02, 2026 03:42:24 PM PT",PLTR,10.744,13.821,1,LET RUN,NO ACTION
20261002_154224,"Oct 02, 2026 03:42:24 PM PT",WBD,3.824,3.891,1,LET RUN,NO ACTION
20261002_155524,"Oct 02, 2026 03:55:24 PM PT",AAPL,0.091,3.293,3,WATCH CLOSELY,NO ACTION
20261002_155524,"Oct 02, 2026 03:55:24 PM PT",INTC,-2.092,6.253,1,HOLD,NO ACTION
20261002_155524,"Oct 02, 2026 03:55:24 PM PT",PLTR,10.755,13.821,1,LET RUN,NO ACTION
20261002_155524,"Oct 02, 2026 03:55:24 PM PT",WBD,3.824,3.891,1,LET RUN,NO ACTION
20261002_160655,"Oct 02, 2026 04:06:55 PM PT",AAPL,0.144,3.293,3,WATCH CLOSELY,NO ACTION
20261002_160655,"Oct 02, 2026 04:06:55 PM PT",INTC,-2.0650000000000004,6.253,1,HOLD,NO ACTION
20261002_160655,"Oct 02, 2026 04:06:55 PM PT",PLTR,10.767,13.821,1,LET RUN,NO ACTION
20261002_160655,"Oct 02, 2026 04:06:55 PM PT",WBD,3.791,3.891,1,LET RUN,NO ACTION
20261002_162357,"Oct 02, 2026 04:23:57 PM PT",AAPL,0.189,3.293,3,WATCH CLOSELY,NO ACTION
20261002_162357,"Oct 02, 2026 04:23:57 PM PT",INTC,-2.01,6.253,1,HOLD,NO ACTION
20261002_162357,"Oct 02, 2026 04:23:57 PM PT",PLTR,10.885,13.821,1,LET RUN,NO ACTION
20261002_162357,"Oct 02, 2026 04:23:57 PM PT",WBD,3.824,3.891,1,LET RUN,NO ACTION
20261002_163836,"Oct 02, 2026 04:38:36 PM PT",AAPL,0.1619999999999999,3.293,3,WATCH CLOSELY,NO ACTION
20261002_163836,"Oct 02, 2026 04:38:36 PM PT",INTC,-1.97,6.253,1,HOLD,NO ACTION
20261002_163836,"Oct 02, 2026 04:38:36 PM PT",PLTR,10.914,13.821,1,LET RUN,NO ACTION
20261002_163836,"Oct 02, 2026 04:38:36 PM PT",WBD,3.824,3.891,1,LET RUN,NO ACTION
20261002_165201,"Oct 02, 2026 04:52:01 PM PT",AAPL,0.174,3.293,3,WATCH CLOSELY,NO ACTION
20261002_165201,"Oct 02, 2026 04:52:01 PM PT",INTC,-2.022,6.253,1,HOLD,NO ACTION
20261002_165201,"Oct 02, 2026 04:52:01 PM PT",PLTR,10.926,13.821,1,LET RUN,NO ACTION
20261002_165201,"Oct 02, 2026 04:52:01 PM PT",WBD,3.824,3.891,1,LET RUN,NO ACTION
20261003_064032,"Oct 03, 2026 06:40:32 AM PT",AAPL,0.264,3.293,3,WATCH CLOSELY,NO ACTION
20261003_064032,"Oct 03, 2026 06:40:32 AM PT",INTC,-1.895,6.253,1,HOLD,NO ACTION
20261003_064032,"Oct 03, 2026 06:40:32 AM PT",PLTR,10.855,13.821,1,LET RUN,NO ACTION
20261003_064032,"Oct 03, 2026 06:40:32 AM PT",WBD,3.791,3.891,1,LET RUN,NO ACTION
20261005_061305,"Oct 05, 2026 06:13:05 AM PT",AAPL,-0.2259999999999999,3.293,3,WATCH CLOSELY,NO ACTION
20261005_061305,"Oct 05, 2026 06:13:05 AM PT",INTC,-5.356000000000001,6.253,1,HOLD,NO ACTION
20261005_061305,"Oct 05, 2026 06:13:05 AM PT",PLTR,11.078,13.821,1,LET RUN,NO ACTION
20261005_061305,"Oct 05, 2026 06:13:05 AM PT",WBD,3.791,3.891,1,LET RUN,NO ACTION
20261005_063715,"Oct 05, 2026 06:37:15 AM PT",AAPL,0.754,3.293,3,WATCH CLOSELY,NO ACTION
20261005_063715,"Oct 05, 2026 06:37:15 AM PT",INTC,-4.283,6.253,3,WATCH CLOSELY,NO ACTION
20261005_063715,"Oct 05, 2026 06:37:15 AM PT",PLTR,12.388,13.821,1,LET RUN,NO ACTION
20261005_063715,"Oct 05, 2026 06:37:15 AM PT",WBD,3.807,3.891,1,LET RUN,NO ACTION
20261005_065923,"Oct 05, 2026 06:59:23 AM PT",AAPL,0.33,3.293,3,WATCH CLOSELY,NO ACTION
20261005_065923,"Oct 05, 2026 06:59:23 AM PT",INTC,-4.575,6.253,3,WATCH CLOSELY,NO ACTION
20261005_065923,"Oct 05, 2026 06:59:23 AM PT",PLTR,11.096,13.821,3,WATCH CLOSELY,NO ACTION
20261005_065923,"Oct 05, 2026 06:59:23 AM PT",WBD,3.824,3.891,1,LET RUN,NO ACTION
20261005_072224,"Oct 05, 2026 07:22:24 AM PT",AAPL,0.209,3.293,3,WATCH CLOSELY,NO ACTION
20261005_072224,"Oct 05, 2026 07:22:24 AM PT",INTC,-3.58,6.253,1,HOLD,NO ACTION
20261005_072224,"Oct 05, 2026 07:22:24 AM PT",PLTR,11.076,13.821,3,WATCH CLOSELY,NO ACTION
20261005_072224,"Oct 05, 2026 07:22:24 AM PT",WBD,3.858000000000001,3.891,1,LET RUN,NO ACTION
20261005_074524,"Oct 05, 2026 07:45:24 AM PT",AAPL,0.365,3.293,3,WATCH CLOSELY,NO ACTION
20261005_074524,"Oct 05, 2026 07:45:24 AM PT",INTC,-3.893,6.253,1,HOLD,NO ACTION
20261005_074524,"Oct 05, 2026 07:45:24 AM PT",PLTR,10.476,13.821,3,WATCH CLOSELY,NO ACTION
20261005_074524,"Oct 05, 2026 07:45:24 AM PT",WBD,3.858000000000001,3.891,1,LET RUN,NO ACTION
20261005_080224,"Oct 05, 2026 08:02:24 AM PT",AAPL,0.234,3.293,3,WATCH CLOSELY,NO ACTION
20261005_080224,"Oct 05, 2026 08:02:24 AM PT",INTC,-3.893,6.253,1,HOLD,NO ACTION
20261005_080224,"Oct 05, 2026 08:02:24 AM PT",PLTR,10.626,13.821,3,WATCH CLOSELY,NO ACTION
20261005_080224,"Oct 05, 2026 08:02:24 AM PT",WBD,3.875,3.891,1,LET RUN,NO ACTION
20261005_083208,"Oct 05, 2026 08:32:08 AM PT",AAPL,0.187,3.293,3,WATCH CLOSELY,NO ACTION
20261005_083208,"Oct 05, 2026 08:32:08 AM PT",INTC,-3.864,6.253,1,HOLD,NO ACTION
20261005_083208,"Oct 05, 2026 08:32:08 AM PT",PLTR,10.609,13.821,3,WATCH CLOSELY,NO ACTION
20261005_083208,"Oct 05, 2026 08:32:08 AM PT",WBD,3.875,3.891,1,LET RUN,NO ACTION
20261005_085729,"Oct 05, 2026 08:57:29 AM PT",AAPL,0.255,3.293,3,WATCH CLOSELY,NO ACTION
20261005_085729,"Oct 05, 2026 08:57:29 AM PT",INTC,-3.535,6.253,1,HOLD,NO ACTION
20261005_085729,"Oct 05, 2026 08:57:29 AM PT",PLTR,10.647,13.821,3,WATCH CLOSELY,NO ACTION
20261005_085729,"Oct 05, 2026 08:57:29 AM PT",WBD,3.858000000000001,3.891,1,LET RUN,NO ACTION
20261005_091354,"Oct 05, 2026 09:13:54 AM PT",AAPL,0.247,3.293,3,WATCH CLOSELY,NO ACTION
20261005_091354,"Oct 05, 2026 09:13:54 AM PT",INTC,-3.2870000000000004,6.253,1,HOLD,NO ACTION
20261005_091354,"Oct 05, 2026 09:13:54 AM PT",PLTR,10.435,13.821,3,WATCH CLOSELY,NO ACTION
20261005_091354,"Oct 05, 2026 09:13:54 AM PT",WBD,3.858000000000001,3.891,1,LET RUN,NO ACTION
20261005_093435,"Oct 05, 2026 09:34:35 AM PT",AAPL,0.453,3.293,3,WATCH CLOSELY,NO ACTION
20261005_093435,"Oct 05, 2026 09:34:35 AM PT",INTC,-3.449,6.253,1,HOLD,NO ACTION
20261005_093435,"Oct 05, 2026 09:34:35 AM PT",PLTR,10.538,13.821,3,WATCH CLOSELY,NO ACTION
20261005_093435,"Oct 05, 2026 09:34:35 AM PT",WBD,3.875,3.891,1,LET RUN,NO ACTION
20261005_095639,"Oct 05, 2026 09:56:39 AM PT",AAPL,0.5599999999999999,3.293,3,WATCH CLOSELY,NO ACTION
20261005_095639,"Oct 05, 2026 09:56:39 AM PT",INTC,-3.72,6.253,1,HOLD,NO ACTION
20261005_095639,"Oct 05, 2026 09:56:39 AM PT",PLTR,10.738,13.821,3,WATCH CLOSELY,NO ACTION
20261005_095639,"Oct 05, 2026 09:56:39 AM PT",WBD,3.891,3.891,1,LET RUN,NO ACTION
20261005_101047,"Oct 05, 2026 10:10:47 AM PT",AAPL,0.213,3.293,3,WATCH CLOSELY,NO ACTION
20261005_101047,"Oct 05, 2026 10:10:47 AM PT",INTC,-3.786,6.253,1,HOLD,NO ACTION
20261005_101047,"Oct 05, 2026 10:10:47 AM PT",PLTR,10.629,13.821,3,WATCH CLOSELY,NO ACTION
20261005_101047,"Oct 05, 2026 10:10:47 AM PT",WBD,3.891,3.891,1,LET RUN,NO ACTION
20261005_102848,"Oct 05, 2026 10:28:48 AM PT",AAPL,0.24,3.293,3,WATCH CLOSELY,NO ACTION
20261005_102848,"Oct 05, 2026 10:28:48 AM PT",INTC,-3.913,6.253,1,HOLD,NO ACTION
20261005_102848,"Oct 05, 2026 10:28:48 AM PT",PLTR,10.864,13.821,3,WATCH CLOSELY,NO ACTION
20261005_102848,"Oct 05, 2026 10:28:48 AM PT",WBD,3.925,3.925,1,LET RUN,NO ACTION
20261005_104640,"Oct 05, 2026 10:46:40 AM PT",AAPL,0.153,3.293,3,WATCH CLOSELY,NO ACTION
20261005_104640,"Oct 05, 2026 10:46:40 AM PT",INTC,-3.728,6.253,1,HOLD,NO ACTION
20261005_104640,"Oct 05, 2026 10:46:40 AM PT",PLTR,11.114,13.821,3,WATCH CLOSELY,NO ACTION
20261005_104640,"Oct 05, 2026 10:46:40 AM PT",WBD,3.925,3.925,1,LET RUN,NO ACTION
20261005_111148,"Oct 05, 2026 11:11:48 AM PT",AAPL,0.02,3.293,3,WATCH CLOSELY,NO ACTION
20261005_111148,"Oct 05, 2026 11:11:48 AM PT",INTC,-3.823,6.253,1,HOLD,NO ACTION
20261005_111148,"Oct 05, 2026 11:11:48 AM PT",PLTR,11.131,13.821,3,WATCH CLOSELY,NO ACTION
20261005_111148,"Oct 05, 2026 11:11:48 AM PT",WBD,3.925,3.925,1,LET RUN,NO ACTION
20261005_113542,"Oct 05, 2026 11:35:42 AM PT",AAPL,-0.0069999999999999,3.293,3,WATCH CLOSELY,NO ACTION
20261005_113542,"Oct 05, 2026 11:35:42 AM PT",INTC,-3.573,6.253,1,HOLD,NO ACTION
20261005_113542,"Oct 05, 2026 11:35:42 AM PT",PLTR,11.146,13.821,3,WATCH CLOSELY,NO ACTION
20261005_113542,"Oct 05, 2026 11:35:42 AM PT",WBD,3.925,3.925,1,LET RUN,NO ACTION
20261005_120424,"Oct 05, 2026 12:04:24 PM PT",AAPL,0.325,3.293,3,WATCH CLOSELY,NO ACTION
20261005_120424,"Oct 05, 2026 12:04:24 PM PT",INTC,-4.326,6.253,3,WATCH CLOSELY,NO ACTION
20261005_120424,"Oct 05, 2026 12:04:24 PM PT",PLTR,11.081,13.821,3,WATCH CLOSELY,NO ACTION
20261005_120424,"Oct 05, 2026 12:04:24 PM PT",WBD,3.942,3.942,1,LET RUN,NO ACTION
20261005_143209,"Oct 05, 2026 02:32:09 PM PT",AAPL,0.04,3.293,3,WATCH CLOSELY,NO ACTION
20261005_143209,"Oct 05, 2026 02:32:09 PM PT",INTC,-4.273,6.253,3,WATCH CLOSELY,NO ACTION
20261005_143209,"Oct 05, 2026 02:32:09 PM PT",PLTR,11.243,13.821,3,WATCH CLOSELY,NO ACTION
20261005_143209,"Oct 05, 2026 02:32:09 PM PT",WBD,3.925,3.942,1,LET RUN,NO ACTION
20261005_144631,"Oct 05, 2026 02:46:31 PM PT",AAPL,0.048,3.293,3,WATCH CLOSELY,NO ACTION
20261005_144631,"Oct 05, 2026 02:46:31 PM PT",INTC,-4.353,6.253,3,WATCH CLOSELY,NO ACTION
20261005_144631,"Oct 05, 2026 02:46:31 PM PT",PLTR,11.207,13.821,3,WATCH CLOSELY,NO ACTION
20261005_144631,"Oct 05, 2026 02:46:31 PM PT",WBD,3.958,3.958,1,LET RUN,NO ACTION
20261005_150859,"Oct 05, 2026 03:08:59 PM PT",AAPL,0.096,3.293,3,WATCH CLOSELY,NO ACTION
20261005_150859,"Oct 05, 2026 03:08:59 PM PT",INTC,-4.279,6.253,3,WATCH CLOSELY,NO ACTION
20261005_150859,"Oct 05, 2026 03:08:59 PM PT",PLTR,11.237,13.821,3,WATCH CLOSELY,NO ACTION
20261005_150859,"Oct 05, 2026 03:08:59 PM PT",WBD,3.925,3.958,1,LET RUN,NO ACTION
20261005_152641,"Oct 05, 2026 03:26:41 PM PT",AAPL,0.068,3.293,3,WATCH CLOSELY,NO ACTION
20261005_152641,"Oct 05, 2026 03:26:41 PM PT",INTC,-4.23,6.253,3,WATCH CLOSELY,NO ACTION
20261005_152641,"Oct 05, 2026 03:26:41 PM PT",PLTR,11.268,13.821,3,WATCH CLOSELY,NO ACTION
20261005_152641,"Oct 05, 2026 03:26:41 PM PT",WBD,3.958,3.958,1,LET RUN,NO ACTION
20261005_154106,"Oct 05, 2026 03:41:06 PM PT",AAPL,0.024,3.293,3,WATCH CLOSELY,NO ACTION
20261005_154106,"Oct 05, 2026 03:41:06 PM PT",INTC,-4.304,6.253,3,WATCH CLOSELY,NO ACTION
20261005_154106,"Oct 05, 2026 03:41:06 PM PT",PLTR,11.158,13.821,3,WATCH CLOSELY,NO ACTION
20261005_154106,"Oct 05, 2026 03:41:06 PM PT",WBD,3.958,3.958,1,LET RUN,NO ACTION
20261005_155400,"Oct 05, 2026 03:54:00 PM PT",AAPL,0.024,3.293,3,WATCH CLOSELY,NO ACTION
20261005_155400,"Oct 05, 2026 03:54:00 PM PT",INTC,-4.353,6.253,3,WATCH CLOSELY,NO ACTION
20261005_155400,"Oct 05, 2026 03:54:00 PM PT",PLTR,11.039,13.821,3,WATCH CLOSELY,NO ACTION
20261005_155400,"Oct 05, 2026 03:54:00 PM PT",WBD,3.925,3.958,1,LET RUN,NO ACTION
20261005_160735,"Oct 05, 2026 04:07:35 PM PT",AAPL,0.018,3.293,3,WATCH CLOSELY,NO ACTION
20261005_160735,"Oct 05, 2026 04:07:35 PM PT",INTC,-4.295,6.253,3,WATCH CLOSELY,NO ACTION
20261005_160735,"Oct 05, 2026 04:07:35 PM PT",PLTR,11.108,13.821,3,WATCH CLOSELY,NO ACTION
20261005_160735,"Oct 05, 2026 04:07:35 PM PT",WBD,3.958,3.958,1,LET RUN,NO ACTION
20261005_162501,"Oct 05, 2026 04:25:01 PM PT",AAPL,0.045,3.293,3,WATCH CLOSELY,NO ACTION
20261005_162501,"Oct 05, 2026 04:25:01 PM PT",INTC,-4.254,6.253,3,WATCH CLOSELY,NO ACTION
20261005_162501,"Oct 05, 2026 04:25:01 PM PT",PLTR,11.149,13.821,3,WATCH CLOSELY,NO ACTION
20261005_162501,"Oct 05, 2026 04:25:01 PM PT",WBD,3.926,3.958,1,LET RUN,NO ACTION
20261005_163829,"Oct 05, 2026 04:38:29 PM PT",AAPL,0.05,3.293,3,WATCH CLOSELY,NO ACTION
20261005_163829,"Oct 05, 2026 04:38:29 PM PT",INTC,-4.205,6.253,3,WATCH CLOSELY,NO ACTION
20261005_163829,"Oct 05, 2026 04:38:29 PM PT",PLTR,11.176,13.821,3,WATCH CLOSELY,NO ACTION
20261005_163829,"Oct 05, 2026 04:38:29 PM PT",WBD,3.926,3.958,1,LET RUN,NO ACTION
20261005_165131,"Oct 05, 2026 04:51:31 PM PT",AAPL,0.005,3.293,3,WATCH CLOSELY,NO ACTION
20261005_165131,"Oct 05, 2026 04:51:31 PM PT",INTC,-4.378,6.253,3,WATCH CLOSELY,NO ACTION
20261005_165131,"Oct 05, 2026 04:51:31 PM PT",PLTR,11.149,13.821,3,WATCH CLOSELY,NO ACTION
20261005_165131,"Oct 05, 2026 04:51:31 PM PT",WBD,3.926,3.958,1,LET RUN,NO ACTION
20261006_061053,"Oct 06, 2026 06:10:53 AM PT",AAPL,0.048,3.293,3,WATCH CLOSELY,NO ACTION
20261006_061053,"Oct 06, 2026 06:10:53 AM PT",INTC,-3.745,6.253,3,WATCH CLOSELY,NO ACTION
20261006_061053,"Oct 06, 2026 06:10:53 AM PT",PLTR,12.198,13.821,3,WATCH CLOSELY,NO ACTION
20261006_061053,"Oct 06, 2026 06:10:53 AM PT",WBD,3.926,3.958,1,LET RUN,NO ACTION
20261006_063123,"Oct 06, 2026 06:31:23 AM PT",AAPL,0.078,3.293,3,WATCH CLOSELY,NO ACTION
20261006_063123,"Oct 06, 2026 06:31:23 AM PT",INTC,-3.4320000000000004,6.253,3,WATCH CLOSELY,NO ACTION
20261006_063123,"Oct 06, 2026 06:31:23 AM PT",PLTR,12.247,13.821,3,WATCH CLOSELY,NO ACTION
20261006_063123,"Oct 06, 2026 06:31:23 AM PT",WBD,3.926,3.958,1,LET RUN,NO ACTION
20261006_065707,"Oct 06, 2026 06:57:07 AM PT",AAPL,-0.611,3.293,5,WATCH CLOSELY,NO ACTION
20261006_065707,"Oct 06, 2026 06:57:07 AM PT",INTC,-4.78,6.253,3,WATCH CLOSELY,NO ACTION
20261006_065707,"Oct 06, 2026 06:57:07 AM PT",PLTR,13.727,13.821,0,LET RUN,NO ACTION
20261006_065707,"Oct 06, 2026 06:57:07 AM PT",WBD,3.926,3.958,1,LET RUN,NO ACTION
20261006_071451,"Oct 06, 2026 07:14:51 AM PT",AAPL,0.157,3.293,3,WATCH CLOSELY,NO ACTION
20261006_071451,"Oct 06, 2026 07:14:51 AM PT",INTC,-4.961,6.253,3,WATCH CLOSELY,NO ACTION
20261006_071451,"Oct 06, 2026 07:14:51 AM PT",PLTR,13.453,13.821,0,LET RUN,NO ACTION
20261006_071451,"Oct 06, 2026 07:14:51 AM PT",WBD,3.926,3.958,1,LET RUN,NO ACTION
20261006_073436,"Oct 06, 2026 07:34:36 AM PT",AAPL,0.159,3.293,3,WATCH CLOSELY,NO ACTION
20261006_073436,"Oct 06, 2026 07:34:36 AM PT",INTC,-5.755,6.253,3,WATCH CLOSELY,NO ACTION
20261006_073436,"Oct 06, 2026 07:34:36 AM PT",PLTR,12.697,13.821,2,HOLD,NO ACTION
20261006_073436,"Oct 06, 2026 07:34:36 AM PT",WBD,3.926,3.958,1,LET RUN,NO ACTION
20261006_075722,"Oct 06, 2026 07:57:22 AM PT",AAPL,0.027,3.293,3,WATCH CLOSELY,NO ACTION
20261006_075722,"Oct 06, 2026 07:57:22 AM PT",INTC,-5.593999999999999,6.253,3,WATCH CLOSELY,NO ACTION
20261006_075722,"Oct 06, 2026 07:57:22 AM PT",PLTR,12.94,13.821,0,LET RUN,NO ACTION
20261006_075722,"Oct 06, 2026 07:57:22 AM PT",WBD,3.926,3.958,1,LET RUN,NO ACTION
20261006_081426,"Oct 06, 2026 08:14:26 AM PT",AAPL,0.025,3.293,3,WATCH CLOSELY,NO ACTION
20261006_081426,"Oct 06, 2026 08:14:26 AM PT",INTC,-5.742,6.253,3,WATCH CLOSELY,NO ACTION
20261006_081426,"Oct 06, 2026 08:14:26 AM PT",PLTR,12.975,13.821,0,LET RUN,NO ACTION
20261006_081426,"Oct 06, 2026 08:14:26 AM PT",WBD,3.926,3.958,1,LET RUN,NO ACTION
20261006_083251,"Oct 06, 2026 08:32:51 AM PT",AAPL,0.087,3.293,3,WATCH CLOSELY,NO ACTION
20261006_083251,"Oct 06, 2026 08:32:51 AM PT",INTC,-6.285,6.253,3,WATCH CLOSELY,NO ACTION
20261006_083251,"Oct 06, 2026 08:32:51 AM PT",PLTR,13.205,13.821,0,LET RUN,NO ACTION
20261006_083251,"Oct 06, 2026 08:32:51 AM PT",WBD,3.926,3.958,1,LET RUN,NO ACTION
20261006_085635,"Oct 06, 2026 08:56:35 AM PT",AAPL,0.0809999999999999,3.293,3,WATCH CLOSELY,NO ACTION
20261006_085635,"Oct 06, 2026 08:56:35 AM PT",INTC,-6.277000000000001,6.253,3,WATCH CLOSELY,NO ACTION
20261006_085635,"Oct 06, 2026 08:56:35 AM PT",PLTR,12.882,13.821,0,LET RUN,NO ACTION
20261006_085635,"Oct 06, 2026 08:56:35 AM PT",WBD,3.926,3.958,1,LET RUN,NO ACTION
20261006_091245,"Oct 06, 2026 09:12:45 AM PT",AAPL,0.061,3.293,3,WATCH CLOSELY,NO ACTION
20261006_091245,"Oct 06, 2026 09:12:45 AM PT",INTC,-6.827999999999999,6.253,3,WATCH CLOSELY,NO ACTION
20261006_091245,"Oct 06, 2026 09:12:45 AM PT",PLTR,12.699,13.821,2,HOLD,NO ACTION
20261006_091245,"Oct 06, 2026 09:12:45 AM PT",WBD,3.926,3.958,1,LET RUN,NO ACTION
20261006_093336,"Oct 06, 2026 09:33:36 AM PT",AAPL,-0.304,3.293,3,WATCH CLOSELY,NO ACTION
20261006_093336,"Oct 06, 2026 09:33:36 AM PT",INTC,-6.970999999999999,6.253,3,WATCH CLOSELY,NO ACTION
20261006_093336,"Oct 06, 2026 09:33:36 AM PT",PLTR,12.758,13.821,2,HOLD,NO ACTION
20261006_093336,"Oct 06, 2026 09:33:36 AM PT",WBD,3.926,3.958,1,LET RUN,NO ACTION
20261006_095652,"Oct 06, 2026 09:56:52 AM PT",AAPL,-0.064,3.293,3,WATCH CLOSELY,NO ACTION
20261006_095652,"Oct 06, 2026 09:56:52 AM PT",INTC,-5.923,6.253,3,WATCH CLOSELY,NO ACTION
20261006_095652,"Oct 06, 2026 09:56:52 AM PT",PLTR,12.597,13.821,2,HOLD,NO ACTION
20261006_095652,"Oct 06, 2026 09:56:52 AM PT",WBD,3.926,3.958,1,LET RUN,NO ACTION
20261006_101122,"Oct 06, 2026 10:11:22 AM PT",AAPL,-0.019,3.293,3,WATCH CLOSELY,NO ACTION
20261006_101122,"Oct 06, 2026 10:11:22 AM PT",INTC,-6.203,6.253,3,WATCH CLOSELY,NO ACTION
20261006_101122,"Oct 06, 2026 10:11:22 AM PT",PLTR,13.092,13.821,0,LET RUN,NO ACTION
20261006_101122,"Oct 06, 2026 10:11:22 AM PT",WBD,3.926,3.958,1,LET RUN,NO ACTION
20261006_102805,"Oct 06, 2026 10:28:05 AM PT",AAPL,-0.026,3.293,3,WATCH CLOSELY,NO ACTION
20261006_102805,"Oct 06, 2026 10:28:05 AM PT",INTC,-6.182,6.253,3,WATCH CLOSELY,NO ACTION
20261006_102805,"Oct 06, 2026 10:28:05 AM PT",PLTR,13.046,13.821,0,LET RUN,NO ACTION
20261006_102805,"Oct 06, 2026 10:28:05 AM PT",WBD,3.926,3.958,1,LET RUN,NO ACTION
20261006_104520,"Oct 06, 2026 10:45:20 AM PT",AAPL,0.049,3.293,3,WATCH CLOSELY,NO ACTION
20261006_104520,"Oct 06, 2026 10:45:20 AM PT",INTC,-5.997,6.253,3,WATCH CLOSELY,NO ACTION
20261006_104520,"Oct 06, 2026 10:45:20 AM PT",PLTR,13.089,13.821,0,LET RUN,NO ACTION
20261006_104520,"Oct 06, 2026 10:45:20 AM PT",WBD,3.926,3.958,1,LET RUN,NO ACTION
20261006_105825,"Oct 06, 2026 10:58:25 AM PT",AAPL,-0.061,3.293,3,WATCH CLOSELY,NO ACTION
20261006_105825,"Oct 06, 2026 10:58:25 AM PT",INTC,-5.718,6.253,3,WATCH CLOSELY,NO ACTION
20261006_105825,"Oct 06, 2026 10:58:25 AM PT",PLTR,12.952,13.821,0,LET RUN,NO ACTION
20261006_105825,"Oct 06, 2026 10:58:25 AM PT",WBD,3.926,3.958,1,LET RUN,NO ACTION
20261006_111643,"Oct 06, 2026 11:16:43 AM PT",AAPL,0.063,3.293,3,WATCH CLOSELY,NO ACTION
20261006_111643,"Oct 06, 2026 11:16:43 AM PT",INTC,-5.455,6.253,3,WATCH CLOSELY,NO ACTION
20261006_111643,"Oct 06, 2026 11:16:43 AM PT",PLTR,13.219,13.821,0,LET RUN,NO ACTION
20261006_111643,"Oct 06, 2026 11:16:43 AM PT",WBD,3.926,3.958,1,LET RUN,NO ACTION
20261006_114600,"Oct 06, 2026 11:46:00 AM PT",AAPL,0.1709999999999999,3.293,3,WATCH CLOSELY,NO ACTION
20261006_114600,"Oct 06, 2026 11:46:00 AM PT",INTC,-5.94,6.253,3,WATCH CLOSELY,NO ACTION
20261006_114600,"Oct 06, 2026 11:46:00 AM PT",PLTR,13.058,13.821,0,LET RUN,NO ACTION
20261006_114600,"Oct 06, 2026 11:46:00 AM PT",WBD,3.926,3.958,1,LET RUN,NO ACTION
20261006_120759,"Oct 06, 2026 12:07:59 PM PT",AAPL,0.075,3.293,3,WATCH CLOSELY,NO ACTION
20261006_120759,"Oct 06, 2026 12:07:59 PM PT",INTC,-6.079,6.253,3,WATCH CLOSELY,NO ACTION
20261006_120759,"Oct 06, 2026 12:07:59 PM PT",PLTR,13.105,13.821,0,LET RUN,NO ACTION
20261006_120759,"Oct 06, 2026 12:07:59 PM PT",WBD,3.926,3.958,1,LET RUN,NO ACTION
20261006_122758,"Oct 06, 2026 12:27:58 PM PT",AAPL,0.21,3.293,3,WATCH CLOSELY,NO ACTION
20261006_122758,"Oct 06, 2026 12:27:58 PM PT",INTC,-6.287,6.253,3,WATCH CLOSELY,NO ACTION
20261006_122758,"Oct 06, 2026 12:27:58 PM PT",PLTR,13.219,13.821,0,LET RUN,NO ACTION
20261006_122758,"Oct 06, 2026 12:27:58 PM PT",WBD,3.926,3.958,1,LET RUN,NO ACTION
20261006_124412,"Oct 06, 2026 12:44:12 PM PT",AAPL,0.366,3.293,3,WATCH CLOSELY,NO ACTION
20261006_124412,"Oct 06, 2026 12:44:12 PM PT",INTC,-6.856,6.253,3,WATCH CLOSELY,NO ACTION
20261006_124412,"Oct 06, 2026 12:44:12 PM PT",PLTR,13.303999999999998,13.821,0,LET RUN,NO ACTION
20261006_124412,"Oct 06, 2026 12:44:12 PM PT",WBD,3.926,3.958,1,LET RUN,NO ACTION
20261006_125638,"Oct 06, 2026 12:56:38 PM PT",AAPL,0.156,3.293,3,WATCH CLOSELY,NO ACTION
20261006_125638,"Oct 06, 2026 12:56:38 PM PT",INTC,-7.411,6.253,5,WATCH CLOSELY,NO ACTION
20261006_125638,"Oct 06, 2026 12:56:38 PM PT",PLTR,12.908,13.821,0,LET RUN,NO ACTION
20261006_125638,"Oct 06, 2026 12:56:38 PM PT",WBD,3.926,3.958,1,LET RUN,NO ACTION
20261006_131119,"Oct 06, 2026 01:11:19 PM PT",AAPL,0.291,3.293,3,WATCH CLOSELY,NO ACTION
20261006_131119,"Oct 06, 2026 01:11:19 PM PT",INTC,-7.444000000000001,6.253,5,WATCH CLOSELY,NO ACTION
20261006_131119,"Oct 06, 2026 01:11:19 PM PT",PLTR,12.676000000000002,13.821,0,LET RUN,NO ACTION
20261006_131119,"Oct 06, 2026 01:11:19 PM PT",WBD,3.926,3.958,1,LET RUN,NO ACTION
20261006_133037,"Oct 06, 2026 01:30:37 PM PT",AAPL,0.246,3.293,3,WATCH CLOSELY,NO ACTION
20261006_133037,"Oct 06, 2026 01:30:37 PM PT",INTC,-7.385999999999999,6.253,5,WATCH CLOSELY,NO ACTION
20261006_133037,"Oct 06, 2026 01:30:37 PM PT",PLTR,12.669,13.821,0,LET RUN,NO ACTION
20261006_133037,"Oct 06, 2026 01:30:37 PM PT",WBD,3.926,3.958,1,LET RUN,NO ACTION
20261006_135434,"Oct 06, 2026 01:54:34 PM PT",AAPL,0.249,3.293,3,WATCH CLOSELY,NO ACTION
20261006_135434,"Oct 06, 2026 01:54:34 PM PT",INTC,-7.188999999999999,6.253,5,WATCH CLOSELY,NO ACTION
20261006_135434,"Oct 06, 2026 01:54:34 PM PT",PLTR,12.717,13.821,0,LET RUN,NO ACTION
20261006_135434,"Oct 06, 2026 01:54:34 PM PT",WBD,3.926,3.958,1,LET RUN,NO ACTION
20261006_140742,"Oct 06, 2026 02:07:42 PM PT",AAPL,0.291,3.293,3,WATCH CLOSELY,NO ACTION
20261006_140742,"Oct 06, 2026 02:07:42 PM PT",INTC,-7.126,6.253,5,WATCH CLOSELY,NO ACTION
20261006_140742,"Oct 06, 2026 02:07:42 PM PT",PLTR,12.653,13.821,0,LET RUN,NO ACTION
20261006_140742,"Oct 06, 2026 02:07:42 PM PT",WBD,3.926,3.958,1,LET RUN,NO ACTION
20261006_142719,"Oct 06, 2026 02:27:19 PM PT",AAPL,0.312,3.293,3,WATCH CLOSELY,NO ACTION
20261006_142719,"Oct 06, 2026 02:27:19 PM PT",INTC,-7.1370000000000005,6.253,5,WATCH CLOSELY,NO ACTION
20261006_142719,"Oct 06, 2026 02:27:19 PM PT",PLTR,12.694,13.821,0,LET RUN,NO ACTION
20261006_142719,"Oct 06, 2026 02:27:19 PM PT",WBD,3.926,3.958,1,LET RUN,NO ACTION
20261006_144243,"Oct 06, 2026 02:42:43 PM PT",AAPL,0.3389999999999999,3.293,3,WATCH CLOSELY,NO ACTION
20261006_144243,"Oct 06, 2026 02:42:43 PM PT",INTC,-7.124999999999999,6.253,5,WATCH CLOSELY,NO ACTION
20261006_144243,"Oct 06, 2026 02:42:43 PM PT",PLTR,12.658,13.821,0,LET RUN,NO ACTION
20261006_144243,"Oct 06, 2026 02:42:43 PM PT",WBD,3.926,3.958,1,LET RUN,NO ACTION
20261006_145441,"Oct 06, 2026 02:54:41 PM PT",AAPL,0.322,3.293,3,WATCH CLOSELY,NO ACTION
20261006_145441,"Oct 06, 2026 02:54:41 PM PT",INTC,-7.133000000000001,6.253,5,WATCH CLOSELY,NO ACTION
20261006_145441,"Oct 06, 2026 02:54:41 PM PT",PLTR,12.641,13.821,0,LET RUN,NO ACTION
20261006_145441,"Oct 06, 2026 02:54:41 PM PT",WBD,3.926,3.958,1,LET RUN,NO ACTION
20261006_150803,"Oct 06, 2026 03:08:03 PM PT",AAPL,0.322,3.293,3,WATCH CLOSELY,NO ACTION
20261006_150803,"Oct 06, 2026 03:08:03 PM PT",INTC,-7.001,6.253,5,WATCH CLOSELY,NO ACTION
20261006_150803,"Oct 06, 2026 03:08:03 PM PT",PLTR,12.67,13.821,0,LET RUN,NO ACTION
20261006_150803,"Oct 06, 2026 03:08:03 PM PT",WBD,3.926,3.958,1,LET RUN,NO ACTION
20261006_152743,"Oct 06, 2026 03:27:43 PM PT",AAPL,0.336,3.293,3,WATCH CLOSELY,NO ACTION
20261006_152743,"Oct 06, 2026 03:27:43 PM PT",INTC,-7.114,6.253,5,WATCH CLOSELY,NO ACTION
20261006_152743,"Oct 06, 2026 03:27:43 PM PT",PLTR,12.635,13.821,0,LET RUN,NO ACTION
20261006_152743,"Oct 06, 2026 03:27:43 PM PT",WBD,3.926,3.958,1,LET RUN,NO ACTION
20261006_154310,"Oct 06, 2026 03:43:10 PM PT",AAPL,0.329,3.293,3,WATCH CLOSELY,NO ACTION
20261006_154310,"Oct 06, 2026 03:43:10 PM PT",INTC,-7.181,6.253,5,WATCH CLOSELY,NO ACTION
20261006_154310,"Oct 06, 2026 03:43:10 PM PT",PLTR,12.629,13.821,0,LET RUN,NO ACTION
20261006_154310,"Oct 06, 2026 03:43:10 PM PT",WBD,3.926,3.958,1,LET RUN,NO ACTION
20261006_155552,"Oct 06, 2026 03:55:52 PM PT",AAPL,0.309,3.293,3,WATCH CLOSELY,NO ACTION
20261006_155552,"Oct 06, 2026 03:55:52 PM PT",INTC,-7.222,6.253,5,WATCH CLOSELY,NO ACTION
20261006_155552,"Oct 06, 2026 03:55:52 PM PT",PLTR,12.641,13.821,0,LET RUN,NO ACTION
20261006_155552,"Oct 06, 2026 03:55:52 PM PT",WBD,3.926,3.958,1,LET RUN,NO ACTION
20261006_160856,"Oct 06, 2026 04:08:56 PM PT",AAPL,0.321,3.293,3,WATCH CLOSELY,NO ACTION
20261006_160856,"Oct 06, 2026 04:08:56 PM PT",INTC,-7.148000000000001,6.253,5,WATCH CLOSELY,NO ACTION
20261006_160856,"Oct 06, 2026 04:08:56 PM PT",PLTR,12.647,13.821,0,LET RUN,NO ACTION
20261006_160856,"Oct 06, 2026 04:08:56 PM PT",WBD,3.926,3.958,1,LET RUN,NO ACTION
20261006_162647,"Oct 06, 2026 04:26:47 PM PT",AAPL,0.3389999999999999,3.293,3,WATCH CLOSELY,NO ACTION
20261006_162647,"Oct 06, 2026 04:26:47 PM PT",INTC,-7.16,6.253,5,WATCH CLOSELY,NO ACTION
20261006_162647,"Oct 06, 2026 04:26:47 PM PT",PLTR,12.664,13.821,0,LET RUN,NO ACTION
20261006_162647,"Oct 06, 2026 04:26:47 PM PT",WBD,3.926,3.958,1,LET RUN,NO ACTION
20261006_164153,"Oct 06, 2026 04:41:53 PM PT",AAPL,0.315,3.293,3,WATCH CLOSELY,NO ACTION
20261006_164153,"Oct 06, 2026 04:41:53 PM PT",INTC,-7.345,6.253,5,WATCH CLOSELY,NO ACTION
20261006_164153,"Oct 06, 2026 04:41:53 PM PT",PLTR,12.618,13.821,0,LET RUN,NO ACTION
20261006_164153,"Oct 06, 2026 04:41:53 PM PT",WBD,3.926,3.958,1,LET RUN,NO ACTION
20261006_165442,"Oct 06, 2026 04:54:42 PM PT",AAPL,0.325,3.293,3,WATCH CLOSELY,NO ACTION
20261006_165442,"Oct 06, 2026 04:54:42 PM PT",INTC,-7.288,6.253,5,WATCH CLOSELY,NO ACTION
20261006_165442,"Oct 06, 2026 04:54:42 PM PT",PLTR,12.658,13.821,0,LET RUN,NO ACTION
20261006_165442,"Oct 06, 2026 04:54:42 PM PT",WBD,3.926,3.958,1,LET RUN,NO ACTION
20261007_061315,"Oct 07, 2026 06:13:15 AM PT",AAPL,1.183,3.293,3,WATCH CLOSELY,NO ACTION
20261007_061315,"Oct 07, 2026 06:13:15 AM PT",INTC,-7.929,6.253,15,EXIT CONFIRMED,WAITING — MARKET CLOSED
20261007_061315,"Oct 07, 2026 06:13:15 AM PT",PLTR,13.086999999999998,13.821,0,LET RUN,NO ACTION
20261007_061315,"Oct 07, 2026 06:13:15 AM PT",WBD,3.824,3.958,1,LET RUN,NO ACTION
20261007_063442,"Oct 07, 2026 06:34:42 AM PT",AAPL,0.272,3.293,3,WATCH CLOSELY,NO ACTION
20261007_063442,"Oct 07, 2026 06:34:42 AM PT",INTC,-6.7330000000000005,6.253,3,WATCH CLOSELY,NO ACTION
20261007_063442,"Oct 07, 2026 06:34:42 AM PT",PLTR,13.868,13.868,0,LET RUN,NO ACTION
20261007_063442,"Oct 07, 2026 06:34:42 AM PT",WBD,3.824,3.958,1,LET RUN,NO ACTION
20261007_065731,"Oct 07, 2026 06:57:31 AM PT",AAPL,0.613,3.293,3,WATCH CLOSELY,NO ACTION
20261007_065731,"Oct 07, 2026 06:57:31 AM PT",INTC,-6.638,6.253,3,WATCH CLOSELY,NO ACTION
20261007_065731,"Oct 07, 2026 06:57:31 AM PT",PLTR,12.647,13.868,3,WATCH CLOSELY,NO ACTION
20261007_065731,"Oct 07, 2026 06:57:31 AM PT",WBD,3.824,3.958,1,LET RUN,NO ACTION
20261007_071447,"Oct 07, 2026 07:14:47 AM PT",AAPL,0.791,3.293,3,WATCH CLOSELY,NO ACTION
20261007_071447,"Oct 07, 2026 07:14:47 AM PT",INTC,-6.088,6.253,3,WATCH CLOSELY,NO ACTION
20261007_071447,"Oct 07, 2026 07:14:47 AM PT",PLTR,11.949,13.868,3,WATCH CLOSELY,NO ACTION
20261007_071447,"Oct 07, 2026 07:14:47 AM PT",WBD,3.824,3.958,1,LET RUN,NO ACTION
20261007_073449,"Oct 07, 2026 07:34:49 AM PT",AAPL,0.754,3.293,3,WATCH CLOSELY,NO ACTION
20261007_073449,"Oct 07, 2026 07:34:49 AM PT",INTC,-6.211,6.253,3,WATCH CLOSELY,NO ACTION
20261007_073449,"Oct 07, 2026 07:34:49 AM PT",PLTR,11.863,13.868,3,WATCH CLOSELY,NO ACTION
20261007_073449,"Oct 07, 2026 07:34:49 AM PT",WBD,3.824,3.958,1,LET RUN,NO ACTION
20261007_075656,"Oct 07, 2026 07:56:56 AM PT",AAPL,0.365,3.293,3,WATCH CLOSELY,NO ACTION
20261007_075656,"Oct 07, 2026 07:56:56 AM PT",INTC,-6.576,6.253,3,WATCH CLOSELY,NO ACTION
20261007_075656,"Oct 07, 2026 07:56:56 AM PT",PLTR,12.042,13.868,3,WATCH CLOSELY,NO ACTION
20261007_075656,"Oct 07, 2026 07:56:56 AM PT",WBD,3.824,3.958,1,LET RUN,NO ACTION
20261007_082330,"Oct 07, 2026 08:23:30 AM PT",AAPL,0.739,3.293,3,WATCH CLOSELY,NO ACTION
20261007_082330,"Oct 07, 2026 08:23:30 AM PT",INTC,-6.593,6.253,3,WATCH CLOSELY,NO ACTION
20261007_082330,"Oct 07, 2026 08:23:30 AM PT",PLTR,12.465,13.868,3,WATCH CLOSELY,NO ACTION
20261007_082330,"Oct 07, 2026 08:23:30 AM PT",WBD,3.824,3.958,1,LET RUN,NO ACTION
20261007_084842,"Oct 07, 2026 08:48:42 AM PT",AAPL,0.79,3.293,3,WATCH CLOSELY,NO ACTION
20261007_084842,"Oct 07, 2026 08:48:42 AM PT",INTC,-6.444999999999999,6.253,3,WATCH CLOSELY,NO ACTION
20261007_084842,"Oct 07, 2026 08:48:42 AM PT",PLTR,13.028,13.868,0,LET RUN,NO ACTION
20261007_084842,"Oct 07, 2026 08:48:42 AM PT",WBD,3.824,3.958,1,LET RUN,NO ACTION
20261007_091221,"Oct 07, 2026 09:12:21 AM PT",AAPL,0.6,3.293,3,WATCH CLOSELY,NO ACTION
20261007_091221,"Oct 07, 2026 09:12:21 AM PT",INTC,-6.762,6.253,3,WATCH CLOSELY,NO ACTION
20261007_091221,"Oct 07, 2026 09:12:21 AM PT",PLTR,13.386,13.868,0,LET RUN,NO ACTION
20261007_091221,"Oct 07, 2026 09:12:21 AM PT",WBD,3.824,3.958,1,LET RUN,NO ACTION
20261007_093442,"Oct 07, 2026 09:34:42 AM PT",AAPL,0.772,3.293,3,WATCH CLOSELY,NO ACTION
20261007_093442,"Oct 07, 2026 09:34:42 AM PT",INTC,-6.859999999999999,6.253,3,WATCH CLOSELY,NO ACTION
20261007_093442,"Oct 07, 2026 09:34:42 AM PT",PLTR,13.346,13.868,0,LET RUN,NO ACTION
20261007_093442,"Oct 07, 2026 09:34:42 AM PT",WBD,3.824,3.958,1,LET RUN,NO ACTION
20261007_100517,"Oct 07, 2026 10:05:17 AM PT",AAPL,1.138,3.293,3,WATCH CLOSELY,NO ACTION
20261007_100517,"Oct 07, 2026 10:05:17 AM PT",INTC,-7.074,6.253,3,WATCH CLOSELY,NO ACTION
20261007_100517,"Oct 07, 2026 10:05:17 AM PT",PLTR,13.616,13.868,0,LET RUN,NO ACTION
20261007_100517,"Oct 07, 2026 10:05:17 AM PT",WBD,3.824,3.958,1,LET RUN,NO ACTION
20261007_103042,"Oct 07, 2026 10:30:42 AM PT",AAPL,0.902,3.293,3,WATCH CLOSELY,NO ACTION
20261007_103042,"Oct 07, 2026 10:30:42 AM PT",INTC,-7.029000000000001,6.253,5,WATCH CLOSELY,NO ACTION
20261007_103042,"Oct 07, 2026 10:30:42 AM PT",PLTR,13.438,13.868,0,LET RUN,NO ACTION
20261007_103042,"Oct 07, 2026 10:30:42 AM PT",WBD,3.824,3.958,1,LET RUN,NO ACTION
20261007_105616,"Oct 07, 2026 10:56:16 AM PT",AAPL,1.192,3.293,2,HOLD,NO ACTION
20261007_105616,"Oct 07, 2026 10:56:16 AM PT",INTC,-7.362,6.253,5,WATCH CLOSELY,NO ACTION
20261007_105616,"Oct 07, 2026 10:56:16 AM PT",PLTR,13.58,13.868,0,LET RUN,NO ACTION
20261007_105616,"Oct 07, 2026 10:56:16 AM PT",WBD,3.824,3.958,1,LET RUN,NO ACTION
20261007_111254,"Oct 07, 2026 11:12:54 AM PT",AAPL,1.245,3.293,2,HOLD,NO ACTION
20261007_111254,"Oct 07, 2026 11:12:54 AM PT",INTC,-7.16,6.253,5,WATCH CLOSELY,NO ACTION
20261007_111254,"Oct 07, 2026 11:12:54 AM PT",PLTR,13.701,13.868,0,LET RUN,NO ACTION
20261007_111254,"Oct 07, 2026 11:12:54 AM PT",WBD,3.824,3.958,1,LET RUN,NO ACTION
20261007_113628,"Oct 07, 2026 11:36:28 AM PT",AAPL,1.216,3.293,2,HOLD,NO ACTION
20261007_113628,"Oct 07, 2026 11:36:28 AM PT",INTC,-7.391,6.253,5,WATCH CLOSELY,NO ACTION
20261007_113628,"Oct 07, 2026 11:36:28 AM PT",PLTR,13.66,13.868,0,LET RUN,NO ACTION
20261007_113628,"Oct 07, 2026 11:36:28 AM PT",WBD,3.824,3.958,1,LET RUN,NO ACTION
20261007_115955,"Oct 07, 2026 11:59:55 AM PT",AAPL,1.228,3.293,2,HOLD,NO ACTION
20261007_115955,"Oct 07, 2026 11:59:55 AM PT",INTC,-7.498,6.253,5,WATCH CLOSELY,NO ACTION
20261007_115955,"Oct 07, 2026 11:59:55 AM PT",PLTR,13.663,13.868,0,LET RUN,NO ACTION
20261007_115955,"Oct 07, 2026 11:59:55 AM PT",WBD,3.824,3.958,1,LET RUN,NO ACTION
20261007_121944,"Oct 07, 2026 12:19:44 PM PT",AAPL,1.293,3.293,2,HOLD,NO ACTION
20261007_121944,"Oct 07, 2026 12:19:44 PM PT",INTC,-7.399,6.253,5,WATCH CLOSELY,NO ACTION
20261007_121944,"Oct 07, 2026 12:19:44 PM PT",PLTR,13.522,13.868,0,LET RUN,NO ACTION
20261007_121944,"Oct 07, 2026 12:19:44 PM PT",WBD,3.824,3.958,1,LET RUN,NO ACTION
20261007_124115,"Oct 07, 2026 12:41:15 PM PT",AAPL,0.86,3.293,3,WATCH CLOSELY,NO ACTION
20261007_124115,"Oct 07, 2026 12:41:15 PM PT",INTC,-6.869,6.253,3,WATCH CLOSELY,NO ACTION
20261007_124115,"Oct 07, 2026 12:41:15 PM PT",PLTR,13.205,13.868,0,LET RUN,NO ACTION
20261007_124115,"Oct 07, 2026 12:41:15 PM PT",WBD,3.824,3.958,1,LET RUN,NO ACTION
20261007_125449,"Oct 07, 2026 12:54:49 PM PT",AAPL,1.15,3.293,2,HOLD,NO ACTION
20261007_125449,"Oct 07, 2026 12:54:49 PM PT",INTC,-7.141,6.253,5,WATCH CLOSELY,NO ACTION
20261007_125449,"Oct 07, 2026 12:54:49 PM PT",PLTR,13.613,13.868,0,LET RUN,NO ACTION
20261007_125449,"Oct 07, 2026 12:54:49 PM PT",WBD,3.824,3.958,1,LET RUN,NO ACTION
20261007_130902,"Oct 07, 2026 01:09:02 PM PT",AAPL,1.193,3.293,2,HOLD,NO ACTION
20261007_130902,"Oct 07, 2026 01:09:02 PM PT",INTC,-7.091,6.253,3,WATCH CLOSELY,NO ACTION
20261007_130902,"Oct 07, 2026 01:09:02 PM PT",PLTR,13.88,13.88,0,LET RUN,NO ACTION
20261007_130902,"Oct 07, 2026 01:09:02 PM PT",WBD,3.824,3.958,1,LET RUN,NO ACTION
20261007_132933,"Oct 07, 2026 01:29:33 PM PT",AAPL,1.081,3.293,2,HOLD,NO ACTION
20261007_132933,"Oct 07, 2026 01:29:33 PM PT",INTC,-7.041,6.253,3,WATCH CLOSELY,NO ACTION
20261007_132933,"Oct 07, 2026 01:29:33 PM PT",PLTR,13.915,13.915,0,LET RUN,NO ACTION
20261007_132933,"Oct 07, 2026 01:29:33 PM PT",WBD,3.824,3.958,1,LET RUN,NO ACTION
20261007_134705,"Oct 07, 2026 01:47:05 PM PT",AAPL,1.089,3.293,2,HOLD,NO ACTION
20261007_134705,"Oct 07, 2026 01:47:05 PM PT",INTC,-6.976,6.253,3,WATCH CLOSELY,NO ACTION
20261007_134705,"Oct 07, 2026 01:47:05 PM PT",PLTR,13.751,13.915,0,LET RUN,NO ACTION
20261007_134705,"Oct 07, 2026 01:47:05 PM PT",WBD,3.824,3.958,1,LET RUN,NO ACTION
20261007_140854,"Oct 07, 2026 02:08:54 PM PT",AAPL,1.108,3.293,2,HOLD,NO ACTION
20261007_140854,"Oct 07, 2026 02:08:54 PM PT",INTC,-7.000000000000001,6.253,3,WATCH CLOSELY,NO ACTION
20261007_140854,"Oct 07, 2026 02:08:54 PM PT",PLTR,13.851,13.915,0,LET RUN,NO ACTION
20261007_140854,"Oct 07, 2026 02:08:54 PM PT",WBD,3.824,3.958,1,LET RUN,NO ACTION
20261007_142857,"Oct 07, 2026 02:28:57 PM PT",AAPL,1.138,3.293,2,HOLD,NO ACTION
20261007_142857,"Oct 07, 2026 02:28:57 PM PT",INTC,-6.984999999999999,6.253,3,WATCH CLOSELY,NO ACTION
20261007_142857,"Oct 07, 2026 02:28:57 PM PT",PLTR,13.868,13.915,0,LET RUN,NO ACTION
20261007_142857,"Oct 07, 2026 02:28:57 PM PT",WBD,3.824,3.958,1,LET RUN,NO ACTION
20261007_144652,"Oct 07, 2026 02:46:52 PM PT",AAPL,1.135,3.293,2,HOLD,NO ACTION
20261007_144652,"Oct 07, 2026 02:46:52 PM PT",INTC,-7.049,6.253,3,WATCH CLOSELY,NO ACTION
20261007_144652,"Oct 07, 2026 02:46:52 PM PT",PLTR,13.851,13.915,0,LET RUN,NO ACTION
20261007_144652,"Oct 07, 2026 02:46:52 PM PT",WBD,3.824,3.958,1,LET RUN,NO ACTION
20261007_150850,"Oct 07, 2026 03:08:50 PM PT",AAPL,1.168,3.293,2,HOLD,NO ACTION
20261007_150850,"Oct 07, 2026 03:08:50 PM PT",INTC,-7.008,6.253,3,WATCH CLOSELY,NO ACTION
20261007_150850,"Oct 07, 2026 03:08:50 PM PT",PLTR,13.909,13.915,0,LET RUN,NO ACTION
20261007_150850,"Oct 07, 2026 03:08:50 PM PT",WBD,3.824,3.958,1,LET RUN,NO ACTION
20261007_152644,"Oct 07, 2026 03:26:44 PM PT",AAPL,1.15,3.293,2,HOLD,NO ACTION
20261007_152644,"Oct 07, 2026 03:26:44 PM PT",INTC,-6.918,6.253,3,WATCH CLOSELY,NO ACTION
20261007_152644,"Oct 07, 2026 03:26:44 PM PT",PLTR,13.889,13.915,0,LET RUN,NO ACTION
20261007_152644,"Oct 07, 2026 03:26:44 PM PT",WBD,3.824,3.958,1,LET RUN,NO ACTION
20261007_154302,"Oct 07, 2026 03:43:02 PM PT",AAPL,1.162,3.293,2,HOLD,NO ACTION
20261007_154302,"Oct 07, 2026 03:43:02 PM PT",INTC,-6.926,6.253,3,WATCH CLOSELY,NO ACTION
20261007_154302,"Oct 07, 2026 03:43:02 PM PT",PLTR,13.909,13.915,0,LET RUN,NO ACTION
20261007_154302,"Oct 07, 2026 03:43:02 PM PT",WBD,3.824,3.958,1,LET RUN,NO ACTION
20261007_155615,"Oct 07, 2026 03:56:15 PM PT",AAPL,1.155,3.293,2,HOLD,NO ACTION
20261007_155615,"Oct 07, 2026 03:56:15 PM PT",INTC,-7.008,6.253,3,WATCH CLOSELY,NO ACTION
20261007_155615,"Oct 07, 2026 03:56:15 PM PT",PLTR,13.909,13.915,0,LET RUN,NO ACTION
20261007_155615,"Oct 07, 2026 03:56:15 PM PT",WBD,3.824,3.958,1,LET RUN,NO ACTION
20261007_160843,"Oct 07, 2026 04:08:43 PM PT",AAPL,1.162,3.293,2,HOLD,NO ACTION
20261007_160843,"Oct 07, 2026 04:08:43 PM PT",INTC,-6.877,6.253,3,WATCH CLOSELY,NO ACTION
20261007_160843,"Oct 07, 2026 04:08:43 PM PT",PLTR,13.938999999999998,13.938999999999998,0,LET RUN,NO ACTION
20261007_160843,"Oct 07, 2026 04:08:43 PM PT",WBD,3.824,3.958,1,LET RUN,NO ACTION
20261007_162502,"Oct 07, 2026 04:25:02 PM PT",AAPL,1.174,3.293,2,HOLD,NO ACTION
20261007_162502,"Oct 07, 2026 04:25:02 PM PT",INTC,-6.662999999999999,6.253,3,WATCH CLOSELY,NO ACTION
20261007_162502,"Oct 07, 2026 04:25:02 PM PT",PLTR,13.927,13.939,0,LET RUN,NO ACTION
20261007_162502,"Oct 07, 2026 04:25:02 PM PT",WBD,3.824,3.958,1,LET RUN,NO ACTION
20261007_164010,"Oct 07, 2026 04:40:10 PM PT",AAPL,1.141,3.293,2,HOLD,NO ACTION
20261007_164010,"Oct 07, 2026 04:40:10 PM PT",INTC,-6.375,6.253,3,WATCH CLOSELY,NO ACTION
20261007_164010,"Oct 07, 2026 04:40:10 PM PT",PLTR,13.927,13.939,0,LET RUN,NO ACTION
20261007_164010,"Oct 07, 2026 04:40:10 PM PT",WBD,3.824,3.958,1,LET RUN,NO ACTION
20261007_165319,"Oct 07, 2026 04:53:19 PM PT",AAPL,1.087,3.293,2,HOLD,NO ACTION
20261007_165319,"Oct 07, 2026 04:53:19 PM PT",INTC,-6.590999999999999,6.253,3,WATCH CLOSELY,NO ACTION
20261007_165319,"Oct 07, 2026 04:53:19 PM PT",PLTR,13.791,13.939,0,LET RUN,NO ACTION
20261007_165319,"Oct 07, 2026 04:53:19 PM PT",WBD,3.824,3.958,1,LET RUN,NO ACTION
20261008_061411,"Oct 08, 2026 06:14:11 AM PT",AAPL,1.325,3.293,2,HOLD,NO ACTION
20261008_061411,"Oct 08, 2026 06:14:11 AM PT",INTC,-9.093,6.253,13,EXIT CONFIRMED,WAITING — MARKET CLOSED
20261008_061411,"Oct 08, 2026 06:14:11 AM PT",PLTR,16.916,16.916,0,LET RUN,NO ACTION
20261008_061411,"Oct 08, 2026 06:14:11 AM PT",WBD,3.824,3.958,1,LET RUN,NO ACTION
20261008_063710,"Oct 08, 2026 06:37:10 AM PT",AAPL,1.325,3.293,2,HOLD,NO ACTION
20261008_063710,"Oct 08, 2026 06:37:10 AM PT",INTC,-9.541,6.253,15,EXIT CONFIRMED,SUBMITTED ba043ebd-1e5b-4758-a6b0-aca38d307582
20261008_063710,"Oct 08, 2026 06:37:10 AM PT",PLTR,18.361,18.361,0,LET RUN,NO ACTION
20261008_063710,"Oct 08, 2026 06:37:10 AM PT",WBD,3.824,3.958,1,LET RUN,NO ACTION
20261008_065802,"Oct 08, 2026 06:58:02 AM PT",AAPL,1.337,3.293,2,HOLD,NO ACTION
20261008_065802,"Oct 08, 2026 06:58:02 AM PT",PLTR,17.78,18.361,0,LET RUN,NO ACTION
20261008_065802,"Oct 08, 2026 06:58:02 AM PT",WBD,3.824,3.958,1,LET RUN,NO ACTION
20261008_071808,"Oct 08, 2026 07:18:08 AM PT",AAPL,1.189,3.293,3,WATCH CLOSELY,NO ACTION
20261008_071808,"Oct 08, 2026 07:18:08 AM PT",ITUB,0.664,0.664,0,LET RUN,NO ACTION
20261008_071808,"Oct 08, 2026 07:18:08 AM PT",PLTR,18.356,18.361,0,LET RUN,NO ACTION
20261008_071808,"Oct 08, 2026 07:18:08 AM PT",WBD,3.824,3.958,1,LET RUN,NO ACTION
20261008_074517,"Oct 08, 2026 07:45:17 AM PT",AAPL,1.532,3.293,2,HOLD,NO ACTION
20261008_074517,"Oct 08, 2026 07:45:17 AM PT",ITUB,1.073,1.073,0,LET RUN,NO ACTION
20261008_074517,"Oct 08, 2026 07:45:17 AM PT",PLTR,17.727,18.361,0,LET RUN,NO ACTION
20261008_074517,"Oct 08, 2026 07:45:17 AM PT",WBD,3.824,3.958,1,LET RUN,NO ACTION
20261008_080143,"Oct 08, 2026 08:01:43 AM PT",AAPL,1.421,3.293,2,HOLD,NO ACTION
20261008_080143,"Oct 08, 2026 08:01:43 AM PT",ITUB,0.358,1.073,0,LET RUN,NO ACTION
20261008_080143,"Oct 08, 2026 08:01:43 AM PT",PLTR,17.298,18.361,0,LET RUN,NO ACTION
20261008_080143,"Oct 08, 2026 08:01:43 AM PT",WBD,3.824,3.958,1,LET RUN,NO ACTION
20261008_083204,"Oct 08, 2026 08:32:04 AM PT",AAPL,1.481,3.293,2,HOLD,NO ACTION
20261008_083204,"Oct 08, 2026 08:32:04 AM PT",ITUB,0.0,1.073,0,HOLD,NO ACTION
20261008_083204,"Oct 08, 2026 08:32:04 AM PT",PLTR,16.922,18.361,0,LET RUN,NO ACTION
20261008_083204,"Oct 08, 2026 08:32:04 AM PT",WBD,3.824,3.958,1,LET RUN,NO ACTION
20261008_085823,"Oct 08, 2026 08:58:23 AM PT",AAPL,1.6209999999999998,3.293,2,HOLD,NO ACTION
20261008_085823,"Oct 08, 2026 08:58:23 AM PT",ITUB,-0.4599999999999999,1.073,0,HOLD,NO ACTION
20261008_085823,"Oct 08, 2026 08:58:23 AM PT",PLTR,16.811,18.361,0,LET RUN,NO ACTION
20261008_085823,"Oct 08, 2026 08:58:23 AM PT",WBD,3.824,3.958,1,LET RUN,NO ACTION
20261008_091813,"Oct 08, 2026 09:18:13 AM PT",AAPL,2.199,3.293,2,HOLD,NO ACTION
20261008_091813,"Oct 08, 2026 09:18:13 AM PT",ITUB,-0.306,1.073,0,HOLD,NO ACTION
20261008_091813,"Oct 08, 2026 09:18:13 AM PT",PLTR,16.455000000000002,18.361,0,LET RUN,NO ACTION
20261008_091813,"Oct 08, 2026 09:18:13 AM PT",WBD,3.824,3.958,1,LET RUN,NO ACTION
20261008_094555,"Oct 08, 2026 09:45:55 AM PT",AAPL,1.7659999999999998,3.293,2,HOLD,NO ACTION
20261008_094555,"Oct 08, 2026 09:45:55 AM PT",ITUB,-0.306,1.073,0,HOLD,NO ACTION
20261008_094555,"Oct 08, 2026 09:45:55 AM PT",PLTR,16.282,18.361,0,LET RUN,NO ACTION
20261008_094555,"Oct 08, 2026 09:45:55 AM PT",WBD,3.824,3.958,1,LET RUN,NO ACTION
20261008_100953,"Oct 08, 2026 10:09:53 AM PT",AAPL,1.783,3.293,2,HOLD,NO ACTION
20261008_100953,"Oct 08, 2026 10:09:53 AM PT",ITUB,0.868,1.073,0,LET RUN,NO ACTION
20261008_100953,"Oct 08, 2026 10:09:53 AM PT",PLTR,16.123,18.361,0,LET RUN,NO ACTION
20261008_100953,"Oct 08, 2026 10:09:53 AM PT",WBD,3.824,3.958,1,LET RUN,NO ACTION
20261008_102934,"Oct 08, 2026 10:29:34 AM PT",AAPL,1.566,3.293,2,HOLD,NO ACTION
20261008_102934,"Oct 08, 2026 10:29:34 AM PT",ITUB,0.97,1.073,0,LET RUN,NO ACTION
20261008_102934,"Oct 08, 2026 10:29:34 AM PT",PLTR,15.287,18.361,0,LET RUN,NO ACTION
20261008_102934,"Oct 08, 2026 10:29:34 AM PT",WBD,3.824,3.958,1,LET RUN,NO ACTION
20261008_104828,"Oct 08, 2026 10:48:28 AM PT",AAPL,1.876,3.293,2,HOLD,NO ACTION
20261008_104828,"Oct 08, 2026 10:48:28 AM PT",ITUB,0.664,1.073,0,LET RUN,NO ACTION
20261008_104828,"Oct 08, 2026 10:48:28 AM PT",PLTR,15.066,18.361,0,LET RUN,NO ACTION
20261008_104828,"Oct 08, 2026 10:48:28 AM PT",WBD,3.824,3.958,1,LET RUN,NO ACTION
20261008_111013,"Oct 08, 2026 11:10:13 AM PT",AAPL,1.879,3.293,2,HOLD,NO ACTION
20261008_111013,"Oct 08, 2026 11:10:13 AM PT",ITUB,0.664,1.073,0,LET RUN,NO ACTION
20261008_111013,"Oct 08, 2026 11:10:13 AM PT",PLTR,15.295,18.361,0,LET RUN,NO ACTION
20261008_111013,"Oct 08, 2026 11:10:13 AM PT",WBD,3.824,3.958,1,LET RUN,NO ACTION
20261008_113312,"Oct 08, 2026 11:33:12 AM PT",AAPL,2.052,3.293,2,HOLD,NO ACTION
20261008_113312,"Oct 08, 2026 11:33:12 AM PT",ITUB,0.664,1.073,0,LET RUN,NO ACTION
20261008_113312,"Oct 08, 2026 11:33:12 AM PT",PLTR,15.933,18.361,0,LET RUN,NO ACTION
20261008_113312,"Oct 08, 2026 11:33:12 AM PT",WBD,3.824,3.958,1,LET RUN,NO ACTION
20261008_115942,"Oct 08, 2026 11:59:42 AM PT",AAPL,2.543,3.293,2,HOLD,NO ACTION
20261008_115942,"Oct 08, 2026 11:59:42 AM PT",ITUB,0.511,1.073,0,LET RUN,NO ACTION
20261008_115942,"Oct 08, 2026 11:59:42 AM PT",PLTR,15.842,18.361,0,LET RUN,NO ACTION
20261008_115942,"Oct 08, 2026 11:59:42 AM PT",WBD,3.824,3.958,1,LET RUN,NO ACTION
20261008_121904,"Oct 08, 2026 12:19:04 PM PT",AAPL,2.469,3.293,2,HOLD,NO ACTION
20261008_121904,"Oct 08, 2026 12:19:04 PM PT",ITUB,0.358,1.073,0,LET RUN,NO ACTION
20261008_121904,"Oct 08, 2026 12:19:04 PM PT",PLTR,15.918,18.361,0,LET RUN,NO ACTION
20261008_121904,"Oct 08, 2026 12:19:04 PM PT",WBD,3.824,3.958,1,LET RUN,NO ACTION
20261008_124308,"Oct 08, 2026 12:43:08 PM PT",AAPL,2.539,3.293,2,HOLD,NO ACTION
20261008_124308,"Oct 08, 2026 12:43:08 PM PT",ITUB,0.409,1.073,0,LET RUN,NO ACTION
20261008_124308,"Oct 08, 2026 12:43:08 PM PT",PLTR,16.485,18.361,0,LET RUN,NO ACTION
20261008_124308,"Oct 08, 2026 12:43:08 PM PT",WBD,3.824,3.958,1,LET RUN,NO ACTION
20261008_125911,"Oct 08, 2026 12:59:11 PM PT",AAPL,2.315,3.293,2,HOLD,NO ACTION
20261008_125911,"Oct 08, 2026 12:59:11 PM PT",ITUB,0.511,1.073,0,LET RUN,NO ACTION
20261008_125911,"Oct 08, 2026 12:59:11 PM PT",PLTR,16.787,18.361,0,LET RUN,NO ACTION
20261008_125911,"Oct 08, 2026 12:59:11 PM PT",WBD,3.824,3.958,1,LET RUN,NO ACTION
20261008_131810,"Oct 08, 2026 01:18:10 PM PT",AAPL,2.259,3.293,2,HOLD,NO ACTION
20261008_131810,"Oct 08, 2026 01:18:10 PM PT",ITUB,0.409,1.073,0,LET RUN,NO ACTION
20261008_131810,"Oct 08, 2026 01:18:10 PM PT",PLTR,16.686999999999998,18.361,0,LET RUN,NO ACTION
20261008_131810,"Oct 08, 2026 01:18:10 PM PT",WBD,3.824,3.958,1,LET RUN,NO ACTION
20261008_134337,"Oct 08, 2026 01:43:37 PM PT",AAPL,2.254,3.293,2,HOLD,NO ACTION
20261008_134337,"Oct 08, 2026 01:43:37 PM PT",ITUB,0.409,1.073,0,LET RUN,NO ACTION
20261008_134337,"Oct 08, 2026 01:43:37 PM PT",PLTR,16.674,18.361,0,LET RUN,NO ACTION
20261008_134337,"Oct 08, 2026 01:43:37 PM PT",WBD,3.824,3.958,1,LET RUN,NO ACTION
20261008_135932,"Oct 08, 2026 01:59:32 PM PT",AAPL,2.3040000000000003,3.293,2,HOLD,NO ACTION
20261008_135932,"Oct 08, 2026 01:59:32 PM PT",ITUB,0.511,1.073,0,LET RUN,NO ACTION
20261008_135932,"Oct 08, 2026 01:59:32 PM PT",PLTR,16.681,18.361,0,LET RUN,NO ACTION
20261008_135932,"Oct 08, 2026 01:59:32 PM PT",WBD,3.824,3.958,1,LET RUN,NO ACTION
20261008_141840,"Oct 08, 2026 02:18:40 PM PT",AAPL,2.319,3.293,2,HOLD,NO ACTION
20261008_141840,"Oct 08, 2026 02:18:40 PM PT",ITUB,0.511,1.073,0,LET RUN,NO ACTION
20261008_141840,"Oct 08, 2026 02:18:40 PM PT",PLTR,16.64,18.361,0,LET RUN,NO ACTION
20261008_141840,"Oct 08, 2026 02:18:40 PM PT",WBD,3.824,3.958,1,LET RUN,NO ACTION
20261008_144259,"Oct 08, 2026 02:42:59 PM PT",AAPL,2.319,3.293,2,HOLD,NO ACTION
20261008_144259,"Oct 08, 2026 02:42:59 PM PT",ITUB,0.511,1.073,0,LET RUN,NO ACTION
20261008_144259,"Oct 08, 2026 02:42:59 PM PT",PLTR,16.592000000000002,18.361,0,LET RUN,NO ACTION
20261008_144259,"Oct 08, 2026 02:42:59 PM PT",WBD,3.824,3.958,1,LET RUN,NO ACTION
20261008_145853,"Oct 08, 2026 02:58:53 PM PT",AAPL,2.274,3.293,2,HOLD,NO ACTION
20261008_145853,"Oct 08, 2026 02:58:53 PM PT",ITUB,0.511,1.073,0,LET RUN,NO ACTION
20261008_145853,"Oct 08, 2026 02:58:53 PM PT",PLTR,16.591,18.361,0,LET RUN,NO ACTION
20261008_145853,"Oct 08, 2026 02:58:53 PM PT",WBD,3.824,3.958,1,LET RUN,NO ACTION
20261008_151613,"Oct 08, 2026 03:16:13 PM PT",AAPL,2.325,3.293,2,HOLD,NO ACTION
20261008_151613,"Oct 08, 2026 03:16:13 PM PT",ITUB,-0.25,1.073,0,HOLD,NO ACTION
20261008_151613,"Oct 08, 2026 03:16:13 PM PT",PLTR,16.664,18.361,0,LET RUN,NO ACTION
20261008_151613,"Oct 08, 2026 03:16:13 PM PT",WBD,3.824,3.958,1,LET RUN,NO ACTION
20261008_154216,"Oct 08, 2026 03:42:16 PM PT",AAPL,2.358,3.293,2,HOLD,NO ACTION
20261008_154216,"Oct 08, 2026 03:42:16 PM PT",ITUB,-0.102,1.073,0,HOLD,NO ACTION
20261008_154216,"Oct 08, 2026 03:42:16 PM PT",PLTR,16.746,18.361,0,LET RUN,NO ACTION
20261008_154216,"Oct 08, 2026 03:42:16 PM PT",WBD,3.824,3.958,1,LET RUN,NO ACTION
20261008_155737,"Oct 08, 2026 03:57:37 PM PT",AAPL,2.31,3.293,2,HOLD,NO ACTION
20261008_155737,"Oct 08, 2026 03:57:37 PM PT",ITUB,-0.102,1.073,0,HOLD,NO ACTION
20261008_155737,"Oct 08, 2026 03:57:37 PM PT",PLTR,16.738,18.361,0,LET RUN,NO ACTION
20261008_155737,"Oct 08, 2026 03:57:37 PM PT",WBD,3.824,3.958,1,LET RUN,NO ACTION
20261008_161308,"Oct 08, 2026 04:13:08 PM PT",AAPL,2.313,3.293,2,HOLD,NO ACTION
20261008_161308,"Oct 08, 2026 04:13:08 PM PT",ITUB,0.409,1.073,0,LET RUN,NO ACTION
20261008_161308,"Oct 08, 2026 04:13:08 PM PT",PLTR,16.733999999999998,18.361,0,LET RUN,NO ACTION
20261008_161308,"Oct 08, 2026 04:13:08 PM PT",WBD,3.824,3.958,1,LET RUN,NO ACTION
20261008_162943,"Oct 08, 2026 04:29:43 PM PT",AAPL,2.322,3.293,2,HOLD,NO ACTION
20261008_162943,"Oct 08, 2026 04:29:43 PM PT",ITUB,0.409,1.073,0,LET RUN,NO ACTION
20261008_162943,"Oct 08, 2026 04:29:43 PM PT",PLTR,16.728,18.361,0,LET RUN,NO ACTION
20261008_162943,"Oct 08, 2026 04:29:43 PM PT",WBD,3.824,3.958,1,LET RUN,NO ACTION
20261008_164611,"Oct 08, 2026 04:46:11 PM PT",AAPL,2.31,3.293,2,HOLD,NO ACTION
20261008_164611,"Oct 08, 2026 04:46:11 PM PT",ITUB,0.606,1.073,0,LET RUN,NO ACTION
20261008_164611,"Oct 08, 2026 04:46:11 PM PT",PLTR,16.646,18.361,0,LET RUN,NO ACTION
20261008_164611,"Oct 08, 2026 04:46:11 PM PT",WBD,3.824,3.958,1,LET RUN,NO ACTION
20261009_061302,"Oct 09, 2026 06:13:02 AM PT",AAPL,-0.5559999999999999,3.293,2,HOLD,NO ACTION
20261009_061302,"Oct 09, 2026 06:13:02 AM PT",ITUB,2.043,2.043,0,LET RUN,NO ACTION
20261009_061302,"Oct 09, 2026 06:13:02 AM PT",PLTR,17.968,18.361,0,LET RUN,NO ACTION
20261009_061302,"Oct 09, 2026 06:13:02 AM PT",WBD,3.824,3.958,1,LET RUN,NO ACTION
20261009_063544,"Oct 09, 2026 06:35:44 AM PT",AAPL,0.066,3.293,5,WATCH CLOSELY,NO ACTION
20261009_063544,"Oct 09, 2026 06:35:44 AM PT",ITUB,1.226,2.043,0,LET RUN,NO ACTION
20261009_063544,"Oct 09, 2026 06:35:44 AM PT",PLTR,17.881,18.361,0,LET RUN,NO ACTION
20261009_063544,"Oct 09, 2026 06:35:44 AM PT",WBD,3.824,3.958,1,LET RUN,NO ACTION
20261009_065839,"Oct 09, 2026 06:58:39 AM PT",AAPL,-0.182,3.293,5,WATCH CLOSELY,NO ACTION
20261009_065839,"Oct 09, 2026 06:58:39 AM PT",ITUB,2.351,2.351,0,LET RUN,NO ACTION
20261009_065839,"Oct 09, 2026 06:58:39 AM PT",PLTR,18.094,18.361,0,LET RUN,NO ACTION
20261009_065839,"Oct 09, 2026 06:58:39 AM PT",WBD,3.824,3.958,1,LET RUN,NO ACTION
20261009_071801,"Oct 09, 2026 07:18:01 AM PT",AAPL,0.1709999999999999,3.293,3,WATCH CLOSELY,NO ACTION
20261009_071801,"Oct 09, 2026 07:18:01 AM PT",ITUB,1.634,2.351,0,LET RUN,NO ACTION
20261009_071801,"Oct 09, 2026 07:18:01 AM PT",PLTR,17.888,18.361,0,LET RUN,NO ACTION
20261009_071801,"Oct 09, 2026 07:18:01 AM PT",WBD,3.824,3.958,1,LET RUN,NO ACTION
20261009_074611,"Oct 09, 2026 07:46:11 AM PT",AAPL,0.237,3.293,3,WATCH CLOSELY,NO ACTION
20261009_074611,"Oct 09, 2026 07:46:11 AM PT",ITUB,2.707,2.707,0,LET RUN,NO ACTION
20261009_074611,"Oct 09, 2026 07:46:11 AM PT",PLTR,18.866,18.866,0,LET RUN,NO ACTION
20261009_074611,"Oct 09, 2026 07:46:11 AM PT",WBD,3.824,3.958,1,LET RUN,NO ACTION
20261009_081019,"Oct 09, 2026 08:10:19 AM PT",AAPL,0.402,3.293,3,WATCH CLOSELY,NO ACTION
20261009_081019,"Oct 09, 2026 08:10:19 AM PT",ITUB,2.145,2.707,0,LET RUN,NO ACTION
20261009_081019,"Oct 09, 2026 08:10:19 AM PT",PLTR,19.142,19.142,0,LET RUN,NO ACTION
20261009_081019,"Oct 09, 2026 08:10:19 AM PT",WBD,3.824,3.958,1,LET RUN,NO ACTION
20261009_082950,"Oct 09, 2026 08:29:50 AM PT",AAPL,0.627,3.293,3,WATCH CLOSELY,NO ACTION
20261009_082950,"Oct 09, 2026 08:29:50 AM PT",ITUB,2.196,2.707,0,LET RUN,NO ACTION
20261009_082950,"Oct 09, 2026 08:29:50 AM PT",PLTR,20.458,20.458,0,LET RUN,NO ACTION
20261009_082950,"Oct 09, 2026 08:29:50 AM PT",WBD,3.824,3.958,1,LET RUN,NO ACTION
20261009_085056,"Oct 09, 2026 08:50:56 AM PT",AAPL,0.516,3.293,3,WATCH CLOSELY,NO ACTION
20261009_085056,"Oct 09, 2026 08:50:56 AM PT",ITUB,2.145,2.707,0,LET RUN,NO ACTION
20261009_085056,"Oct 09, 2026 08:50:56 AM PT",PLTR,20.408,20.458,0,LET RUN,NO ACTION
20261009_085056,"Oct 09, 2026 08:50:56 AM PT",WBD,3.824,3.958,1,LET RUN,NO ACTION
20261009_091033,"Oct 09, 2026 09:10:33 AM PT",AAPL,0.365,3.293,3,WATCH CLOSELY,NO ACTION
20261009_091033,"Oct 09, 2026 09:10:33 AM PT",ITUB,1.992,2.707,0,LET RUN,NO ACTION
20261009_091033,"Oct 09, 2026 09:10:33 AM PT",PLTR,20.772,20.772,0,LET RUN,NO ACTION
20261009_091033,"Oct 09, 2026 09:10:33 AM PT",WBD,3.824,3.958,1,LET RUN,NO ACTION
20261009_093013,"Oct 09, 2026 09:30:13 AM PT",AAPL,0.569,3.293,3,WATCH CLOSELY,NO ACTION
20261009_093013,"Oct 09, 2026 09:30:13 AM PT",ITUB,2.043,2.707,0,LET RUN,NO ACTION
20261009_093013,"Oct 09, 2026 09:30:13 AM PT",PLTR,20.863,20.863,0,LET RUN,NO ACTION
20261009_093013,"Oct 09, 2026 09:30:13 AM PT",WBD,3.824,3.958,1,LET RUN,NO ACTION
20261009_095027,"Oct 09, 2026 09:50:27 AM PT",AAPL,0.688,3.293,3,WATCH CLOSELY,NO ACTION
20261009_095027,"Oct 09, 2026 09:50:27 AM PT",ITUB,1.735,2.707,0,LET RUN,NO ACTION
20261009_095027,"Oct 09, 2026 09:50:27 AM PT",PLTR,20.66,20.863,0,LET RUN,NO ACTION
20261009_095027,"Oct 09, 2026 09:50:27 AM PT",WBD,3.824,3.958,1,LET RUN,NO ACTION
20261009_100925,"Oct 09, 2026 10:09:25 AM PT",AAPL,0.654,3.293,3,WATCH CLOSELY,NO ACTION
20261009_100925,"Oct 09, 2026 10:09:25 AM PT",ITUB,1.735,2.707,0,LET RUN,NO ACTION
20261009_100925,"Oct 09, 2026 10:09:25 AM PT",PLTR,20.610999999999997,20.863,0,LET RUN,NO ACTION
20261009_100925,"Oct 09, 2026 10:09:25 AM PT",WBD,3.8240000000000003,3.958,1,LET RUN,NO ACTION
